vmax.depth,vmin.child.weight,vnround,ganancia.promedio,tiempo.promedio,ganancias
14.0,19.0,480.0,2295667.0,2220.609,2757500.0,2211667.0,2176667.0,2120000.0,2212500.0
15.0,15.0,480.0,2294500.0,2389.42,2765833.0,2120000.0,2145000.0,2282500.0,2159167.0
15.0,15.0,500.0,2292500.0,2389.42,2720833.0,2078333.0,2165833.0,2315000.0,2182500.0
15.0,17.0,480.0,2291167.0,2516.316,2705000.0,2111667.0,2162500.0,2309167.0,2167500.0
14.0,17.0,480.0,2290833.0,2247.815,2687500.0,2111667.0,2188333.0,2296667.0,2170000.0
15.0,17.0,560.0,2285833.0,2516.316,2697500.0,2110000.0,2134167.0,2179167.0,2308333.0
14.0,13.0,600.0,2285167.0,2299.424,2681667.0,2095000.0,2238333.0,2207500.0,2203333.0
14.0,17.0,500.0,2282500.0,2247.815,2675000.0,2126667.0,2173333.0,2276667.0,2160833.0
14.0,19.0,500.0,2282500.0,2220.609,2714167.0,2150833.0,2208333.0,2154167.0,2185000.0
14.0,13.0,620.0,2282000.0,2299.424,2706667.0,2042500.0,2204167.0,2225000.0,2231667.0
15.0,17.0,520.0,2281333.0,2516.316,2618333.0,2138333.0,2130833.0,2276667.0,2242500.0
15.0,17.0,500.0,2278833.0,2516.316,2643333.0,2140833.0,2172500.0,2217500.0,2220000.0
15.0,15.0,440.0,2278333.0,2389.42,2720000.0,2165833.0,2120000.0,2170833.0,2215000.0
14.0,17.0,460.0,2276333.0,2247.815,2707500.0,2147500.0,2161667.0,2185000.0,2180000.0
14.0,17.0,520.0,2275333.0,2247.815,2735833.0,2010833.0,2111667.0,2318333.0,2200000.0
14.0,13.0,640.0,2274167.0,2299.424,2669167.0,1992500.0,2230833.0,2250000.0,2228333.0
14.0,17.0,540.0,2272333.0,2247.815,2736667.0,2032500.0,2144167.0,2279167.0,2169167.0
15.0,17.0,540.0,2272167.0,2516.316,2645000.0,2086667.0,2115000.0,2229167.0,2285000.0
14.0,13.0,660.0,2271500.0,2299.424,2650000.0,1970833.0,2265833.0,2260000.0,2210833.0
14.0,13.0,680.0,2271500.0,2299.424,2650000.0,1970833.0,2265833.0,2260000.0,2210833.0
14.0,13.0,700.0,2271500.0,2299.424,2650000.0,1970833.0,2265833.0,2260000.0,2210833.0
14.0,13.0,720.0,2271500.0,2299.424,2650000.0,1970833.0,2265833.0,2260000.0,2210833.0
14.0,13.0,740.0,2271500.0,2299.424,2650000.0,1970833.0,2265833.0,2260000.0,2210833.0
14.0,13.0,760.0,2271500.0,2299.424,2650000.0,1970833.0,2265833.0,2260000.0,2210833.0
14.0,13.0,780.0,2271500.0,2299.424,2650000.0,1970833.0,2265833.0,2260000.0,2210833.0
14.0,13.0,800.0,2271500.0,2299.424,2650000.0,1970833.0,2265833.0,2260000.0,2210833.0
14.0,13.0,820.0,2271500.0,2299.424,2650000.0,1970833.0,2265833.0,2260000.0,2210833.0
14.0,13.0,840.0,2271500.0,2299.424,2650000.0,1970833.0,2265833.0,2260000.0,2210833.0
14.0,13.0,860.0,2271500.0,2299.424,2650000.0,1970833.0,2265833.0,2260000.0,2210833.0
14.0,13.0,880.0,2271500.0,2299.424,2650000.0,1970833.0,2265833.0,2260000.0,2210833.0
14.0,13.0,900.0,2271500.0,2299.424,2650000.0,1970833.0,2265833.0,2260000.0,2210833.0
14.0,13.0,920.0,2271500.0,2299.424,2650000.0,1970833.0,2265833.0,2260000.0,2210833.0
14.0,13.0,940.0,2271500.0,2299.424,2650000.0,1970833.0,2265833.0,2260000.0,2210833.0
14.0,13.0,960.0,2271500.0,2299.424,2650000.0,1970833.0,2265833.0,2260000.0,2210833.0
14.0,13.0,980.0,2271500.0,2299.424,2650000.0,1970833.0,2265833.0,2260000.0,2210833.0
14.0,13.0,1000.0,2271500.0,2299.424,2650000.0,1970833.0,2265833.0,2260000.0,2210833.0
15.0,15.0,520.0,2270833.0,2389.42,2695833.0,2028333.0,2154167.0,2311667.0,2164167.0
14.0,19.0,540.0,2269667.0,2220.609,2709167.0,2053333.0,2125000.0,2229167.0,2231667.0
14.0,17.0,560.0,2268333.0,2247.815,2730000.0,2017500.0,2163333.0,2198333.0,2232500.0
14.0,13.0,560.0,2267667.0,2299.424,2585833.0,2159167.0,2181667.0,2223333.0,2188333.0
14.0,13.0,580.0,2267333.0,2299.424,2622500.0,2113333.0,2205000.0,2174167.0,2221667.0
14.0,19.0,520.0,2262167.0,2220.609,2702500.0,2044167.0,2120833.0,2225000.0,2218333.0
14.0,13.0,520.0,2261667.0,2299.424,2725833.0,2042500.0,2046667.0,2312500.0,2180833.0
15.0,15.0,460.0,2260333.0,2389.42,2706667.0,2031667.0,2138333.0,2236667.0,2188333.0
15.0,17.0,440.0,2259833.0,2516.316,2718333.0,2125000.0,2176667.0,2125833.0,2153333.0
14.0,15.0,500.0,2259667.0,2275.871,2720000.0,2008333.0,2117500.0,2251667.0,2200833.0
13.0,15.0,480.0,2259333.0,2189.896,2790833.0,2032500.0,2141667.0,2216667.0,2115000.0
14.0,15.0,480.0,2257000.0,2275.871,2760833.0,2035833.0,2135000.0,2196667.0,2156667.0
15.0,17.0,580.0,2256500.0,2516.316,2639167.0,2019167.0,2149167.0,2187500.0,2287500.0
14.0,13.0,540.0,2256167.0,2299.424,2615000.0,2110000.0,2133333.0,2275000.0,2147500.0
15.0,17.0,460.0,2253833.0,2516.316,2680000.0,2037500.0,2138333.0,2225833.0,2187500.0
15.0,17.0,620.0,2252500.0,2516.316,2667500.0,1989167.0,2181667.0,2195833.0,2228333.0
13.0,15.0,500.0,2252333.0,2189.896,2740833.0,1987500.0,2146667.0,2249167.0,2137500.0
14.0,13.0,480.0,2250833.0,2299.424,2712500.0,2064167.0,2074167.0,2185000.0,2218333.0
14.0,15.0,440.0,2249833.0,2275.871,2687500.0,2165833.0,2079167.0,2120000.0,2196667.0
14.0,15.0,460.0,2249500.0,2275.871,2730000.0,2033333.0,2134167.0,2154167.0,2195833.0
15.0,15.0,420.0,2245500.0,2389.42,2651667.0,2113333.0,2138333.0,2129167.0,2195000.0
15.0,15.0,660.0,2245500.0,2389.42,2606667.0,1936667.0,2265000.0,2229167.0,2190000.0
15.0,15.0,680.0,2245500.0,2389.42,2606667.0,1936667.0,2265000.0,2229167.0,2190000.0
15.0,15.0,700.0,2245500.0,2389.42,2606667.0,1936667.0,2265000.0,2229167.0,2190000.0
15.0,15.0,720.0,2245500.0,2389.42,2606667.0,1936667.0,2265000.0,2229167.0,2190000.0
15.0,15.0,740.0,2245500.0,2389.42,2606667.0,1936667.0,2265000.0,2229167.0,2190000.0
15.0,15.0,760.0,2245500.0,2389.42,2606667.0,1936667.0,2265000.0,2229167.0,2190000.0
15.0,15.0,780.0,2245500.0,2389.42,2606667.0,1936667.0,2265000.0,2229167.0,2190000.0
15.0,15.0,800.0,2245500.0,2389.42,2606667.0,1936667.0,2265000.0,2229167.0,2190000.0
15.0,15.0,820.0,2245500.0,2389.42,2606667.0,1936667.0,2265000.0,2229167.0,2190000.0
15.0,15.0,840.0,2245500.0,2389.42,2606667.0,1936667.0,2265000.0,2229167.0,2190000.0
15.0,15.0,860.0,2245500.0,2389.42,2606667.0,1936667.0,2265000.0,2229167.0,2190000.0
15.0,15.0,880.0,2245500.0,2389.42,2606667.0,1936667.0,2265000.0,2229167.0,2190000.0
15.0,15.0,900.0,2245500.0,2389.42,2606667.0,1936667.0,2265000.0,2229167.0,2190000.0
15.0,15.0,920.0,2245500.0,2389.42,2606667.0,1936667.0,2265000.0,2229167.0,2190000.0
15.0,15.0,940.0,2245500.0,2389.42,2606667.0,1936667.0,2265000.0,2229167.0,2190000.0
15.0,15.0,960.0,2245500.0,2389.42,2606667.0,1936667.0,2265000.0,2229167.0,2190000.0
15.0,15.0,980.0,2245500.0,2389.42,2606667.0,1936667.0,2265000.0,2229167.0,2190000.0
15.0,15.0,1000.0,2245500.0,2389.42,2606667.0,1936667.0,2265000.0,2229167.0,2190000.0
13.0,17.0,480.0,2244833.0,2127.092,2690833.0,2146667.0,2098333.0,2118333.0,2170000.0
14.0,15.0,660.0,2244500.0,2275.871,2641667.0,1940833.0,2260000.0,2217500.0,2162500.0
14.0,15.0,680.0,2244500.0,2275.871,2641667.0,1940833.0,2260000.0,2217500.0,2162500.0
14.0,15.0,700.0,2244500.0,2275.871,2641667.0,1940833.0,2260000.0,2217500.0,2162500.0
14.0,15.0,720.0,2244500.0,2275.871,2641667.0,1940833.0,2260000.0,2217500.0,2162500.0
14.0,15.0,740.0,2244500.0,2275.871,2641667.0,1940833.0,2260000.0,2217500.0,2162500.0
14.0,15.0,760.0,2244500.0,2275.871,2641667.0,1940833.0,2260000.0,2217500.0,2162500.0
14.0,15.0,780.0,2244500.0,2275.871,2641667.0,1940833.0,2260000.0,2217500.0,2162500.0
14.0,15.0,800.0,2244500.0,2275.871,2641667.0,1940833.0,2260000.0,2217500.0,2162500.0
14.0,15.0,820.0,2244500.0,2275.871,2641667.0,1940833.0,2260000.0,2217500.0,2162500.0
14.0,15.0,840.0,2244500.0,2275.871,2641667.0,1940833.0,2260000.0,2217500.0,2162500.0
14.0,15.0,860.0,2244500.0,2275.871,2641667.0,1940833.0,2260000.0,2217500.0,2162500.0
14.0,15.0,880.0,2244500.0,2275.871,2641667.0,1940833.0,2260000.0,2217500.0,2162500.0
14.0,15.0,900.0,2244500.0,2275.871,2641667.0,1940833.0,2260000.0,2217500.0,2162500.0
14.0,15.0,920.0,2244500.0,2275.871,2641667.0,1940833.0,2260000.0,2217500.0,2162500.0
14.0,15.0,940.0,2244500.0,2275.871,2641667.0,1940833.0,2260000.0,2217500.0,2162500.0
14.0,15.0,960.0,2244500.0,2275.871,2641667.0,1940833.0,2260000.0,2217500.0,2162500.0
14.0,15.0,980.0,2244500.0,2275.871,2641667.0,1940833.0,2260000.0,2217500.0,2162500.0
14.0,15.0,1000.0,2244500.0,2275.871,2641667.0,1940833.0,2260000.0,2217500.0,2162500.0
14.0,13.0,500.0,2242167.0,2299.424,2740833.0,2015833.0,2075000.0,2242500.0,2136667.0
14.0,19.0,460.0,2242000.0,2220.609,2646667.0,2140000.0,2169167.0,2131667.0,2122500.0
12.0,15.0,540.0,2241500.0,2140.703,2730833.0,1897500.0,2142500.0,2263333.0,2173333.0
14.0,17.0,440.0,2241000.0,2247.815,2752500.0,2156667.0,2122500.0,2064167.0,2109167.0
15.0,15.0,540.0,2239667.0,2389.42,2664167.0,1974167.0,2118333.0,2276667.0,2165000.0
13.0,17.0,500.0,2238167.0,2127.092,2693333.0,2020833.0,2095833.0,2232500.0,2148333.0
14.0,17.0,640.0,2236833.0,2247.815,2610833.0,1961667.0,2189167.0,2210000.0,2212500.0
13.0,15.0,440.0,2236667.0,2189.896,2715833.0,2125000.0,2102500.0,2074167.0,2165833.0
13.0,15.0,540.0,2235667.0,2189.896,2702500.0,1960833.0,2138333.0,2264167.0,2112500.0
13.0,17.0,520.0,2234833.0,2127.092,2685000.0,2032500.0,2099167.0,2222500.0,2135000.0
14.0,15.0,520.0,2234833.0,2275.871,2698333.0,1946667.0,2100833.0,2306667.0,2121667.0
13.0,13.0,480.0,2234500.0,2293.519,2765000.0,1993333.0,2066667.0,2161667.0,2185833.0
13.0,17.0,540.0,2234500.0,2127.092,2708333.0,1984167.0,2089167.0,2294167.0,2096667.0
14.0,17.0,600.0,2234500.0,2247.815,2635000.0,1921667.0,2170833.0,2213333.0,2231667.0
15.0,17.0,600.0,2232667.0,2516.316,2671667.0,1991667.0,2072500.0,2199167.0,2228333.0
14.0,13.0,460.0,2232500.0,2299.424,2713333.0,2073333.0,2042500.0,2117500.0,2215833.0
13.0,15.0,460.0,2232167.0,2189.896,2704167.0,2068333.0,2105000.0,2153333.0,2130000.0
13.0,15.0,660.0,2232000.0,2189.896,2651667.0,1985000.0,2200000.0,2193333.0,2130000.0
13.0,15.0,680.0,2232000.0,2189.896,2651667.0,1985000.0,2200000.0,2193333.0,2130000.0
13.0,15.0,700.0,2232000.0,2189.896,2651667.0,1985000.0,2200000.0,2193333.0,2130000.0
13.0,15.0,720.0,2232000.0,2189.896,2651667.0,1985000.0,2200000.0,2193333.0,2130000.0
13.0,15.0,740.0,2232000.0,2189.896,2651667.0,1985000.0,2200000.0,2193333.0,2130000.0
13.0,15.0,760.0,2232000.0,2189.896,2651667.0,1985000.0,2200000.0,2193333.0,2130000.0
13.0,15.0,780.0,2232000.0,2189.896,2651667.0,1985000.0,2200000.0,2193333.0,2130000.0
13.0,15.0,800.0,2232000.0,2189.896,2651667.0,1985000.0,2200000.0,2193333.0,2130000.0
13.0,15.0,820.0,2232000.0,2189.896,2651667.0,1985000.0,2200000.0,2193333.0,2130000.0
13.0,15.0,840.0,2232000.0,2189.896,2651667.0,1985000.0,2200000.0,2193333.0,2130000.0
13.0,15.0,860.0,2232000.0,2189.896,2651667.0,1985000.0,2200000.0,2193333.0,2130000.0
13.0,15.0,880.0,2232000.0,2189.896,2651667.0,1985000.0,2200000.0,2193333.0,2130000.0
13.0,15.0,900.0,2232000.0,2189.896,2651667.0,1985000.0,2200000.0,2193333.0,2130000.0
13.0,15.0,920.0,2232000.0,2189.896,2651667.0,1985000.0,2200000.0,2193333.0,2130000.0
13.0,15.0,940.0,2232000.0,2189.896,2651667.0,1985000.0,2200000.0,2193333.0,2130000.0
13.0,15.0,960.0,2232000.0,2189.896,2651667.0,1985000.0,2200000.0,2193333.0,2130000.0
13.0,15.0,980.0,2232000.0,2189.896,2651667.0,1985000.0,2200000.0,2193333.0,2130000.0
13.0,15.0,1000.0,2232000.0,2189.896,2651667.0,1985000.0,2200000.0,2193333.0,2130000.0
12.0,15.0,480.0,2231500.0,2140.703,2793333.0,1970000.0,2065833.0,2194167.0,2134167.0
13.0,15.0,640.0,2230000.0,2189.896,2672500.0,1980833.0,2163333.0,2212500.0,2120833.0
12.0,15.0,500.0,2229667.0,2140.703,2789167.0,1863333.0,2100833.0,2272500.0,2122500.0
15.0,17.0,660.0,2229000.0,2516.316,2624167.0,1927500.0,2206667.0,2191667.0,2195000.0
15.0,17.0,680.0,2229000.0,2516.316,2624167.0,1927500.0,2206667.0,2191667.0,2195000.0
15.0,17.0,700.0,2229000.0,2516.316,2624167.0,1927500.0,2206667.0,2191667.0,2195000.0
15.0,17.0,720.0,2229000.0,2516.316,2624167.0,1927500.0,2206667.0,2191667.0,2195000.0
15.0,17.0,740.0,2229000.0,2516.316,2624167.0,1927500.0,2206667.0,2191667.0,2195000.0
15.0,17.0,760.0,2229000.0,2516.316,2624167.0,1927500.0,2206667.0,2191667.0,2195000.0
15.0,17.0,780.0,2229000.0,2516.316,2624167.0,1927500.0,2206667.0,2191667.0,2195000.0
15.0,17.0,800.0,2229000.0,2516.316,2624167.0,1927500.0,2206667.0,2191667.0,2195000.0
15.0,17.0,820.0,2229000.0,2516.316,2624167.0,1927500.0,2206667.0,2191667.0,2195000.0
15.0,17.0,840.0,2229000.0,2516.316,2624167.0,1927500.0,2206667.0,2191667.0,2195000.0
15.0,17.0,860.0,2229000.0,2516.316,2624167.0,1927500.0,2206667.0,2191667.0,2195000.0
15.0,17.0,880.0,2229000.0,2516.316,2624167.0,1927500.0,2206667.0,2191667.0,2195000.0
15.0,17.0,900.0,2229000.0,2516.316,2624167.0,1927500.0,2206667.0,2191667.0,2195000.0
15.0,17.0,920.0,2229000.0,2516.316,2624167.0,1927500.0,2206667.0,2191667.0,2195000.0
15.0,17.0,940.0,2229000.0,2516.316,2624167.0,1927500.0,2206667.0,2191667.0,2195000.0
15.0,17.0,960.0,2229000.0,2516.316,2624167.0,1927500.0,2206667.0,2191667.0,2195000.0
15.0,17.0,980.0,2229000.0,2516.316,2624167.0,1927500.0,2206667.0,2191667.0,2195000.0
15.0,17.0,1000.0,2229000.0,2516.316,2624167.0,1927500.0,2206667.0,2191667.0,2195000.0
15.0,15.0,640.0,2228833.0,2389.42,2593333.0,1930000.0,2255000.0,2189167.0,2176667.0
14.0,19.0,560.0,2228667.0,2220.609,2695000.0,2017500.0,2032500.0,2256667.0,2141667.0
14.0,15.0,640.0,2228167.0,2275.871,2630833.0,1930833.0,2197500.0,2205833.0,2175833.0
13.0,13.0,640.0,2227333.0,2293.519,2626667.0,1975833.0,2167500.0,2185833.0,2180833.0
14.0,17.0,420.0,2226667.0,2247.815,2617500.0,2191667.0,2165833.0,2059167.0,2099167.0
15.0,17.0,420.0,2226500.0,2516.316,2597500.0,2124167.0,2255833.0,2047500.0,2107500.0
14.0,17.0,580.0,2226333.0,2247.815,2600833.0,1978333.0,2139167.0,2182500.0,2230833.0
14.0,17.0,620.0,2225833.0,2247.815,2595833.0,1930833.0,2194167.0,2186667.0,2221667.0
14.0,15.0,540.0,2225000.0,2275.871,2688333.0,1947500.0,2039167.0,2308333.0,2141667.0
15.0,15.0,600.0,2224333.0,2389.42,2609167.0,1986667.0,2155000.0,2228333.0,2142500.0
11.0,15.0,500.0,2224167.0,2019.006,2767500.0,1871667.0,2153333.0,2139167.0,2189167.0
15.0,15.0,580.0,2224167.0,2389.42,2580833.0,2012500.0,2127500.0,2239167.0,2160833.0
15.0,17.0,640.0,2223500.0,2516.316,2612500.0,1939167.0,2190833.0,2185833.0,2189167.0
14.0,15.0,620.0,2222500.0,2275.871,2664167.0,1984167.0,2153333.0,2176667.0,2134167.0
13.0,13.0,620.0,2222333.0,2293.519,2660000.0,1976667.0,2150833.0,2165000.0,2159167.0
13.0,17.0,560.0,2222000.0,2127.092,2675000.0,1924167.0,2108333.0,2273333.0,2129167.0
15.0,15.0,620.0,2222000.0,2389.42,2584167.0,1965000.0,2203333.0,2197500.0,2160000.0
14.0,15.0,600.0,2221333.0,2275.871,2620000.0,1990833.0,2122500.0,2204167.0,2169167.0
13.0,13.0,660.0,2220000.0,2293.519,2635000.0,1931667.0,2147500.0,2198333.0,2187500.0
13.0,13.0,680.0,2220000.0,2293.519,2635000.0,1931667.0,2147500.0,2198333.0,2187500.0
13.0,13.0,700.0,2220000.0,2293.519,2635000.0,1931667.0,2147500.0,2198333.0,2187500.0
13.0,13.0,720.0,2220000.0,2293.519,2635000.0,1931667.0,2147500.0,2198333.0,2187500.0
13.0,13.0,740.0,2220000.0,2293.519,2635000.0,1931667.0,2147500.0,2198333.0,2187500.0
13.0,13.0,760.0,2220000.0,2293.519,2635000.0,1931667.0,2147500.0,2198333.0,2187500.0
13.0,13.0,780.0,2220000.0,2293.519,2635000.0,1931667.0,2147500.0,2198333.0,2187500.0
13.0,13.0,800.0,2220000.0,2293.519,2635000.0,1931667.0,2147500.0,2198333.0,2187500.0
13.0,13.0,820.0,2220000.0,2293.519,2635000.0,1931667.0,2147500.0,2198333.0,2187500.0
13.0,13.0,840.0,2220000.0,2293.519,2635000.0,1931667.0,2147500.0,2198333.0,2187500.0
13.0,13.0,860.0,2220000.0,2293.519,2635000.0,1931667.0,2147500.0,2198333.0,2187500.0
13.0,13.0,880.0,2220000.0,2293.519,2635000.0,1931667.0,2147500.0,2198333.0,2187500.0
13.0,13.0,900.0,2220000.0,2293.519,2635000.0,1931667.0,2147500.0,2198333.0,2187500.0
13.0,13.0,920.0,2220000.0,2293.519,2635000.0,1931667.0,2147500.0,2198333.0,2187500.0
13.0,13.0,940.0,2220000.0,2293.519,2635000.0,1931667.0,2147500.0,2198333.0,2187500.0
13.0,13.0,960.0,2220000.0,2293.519,2635000.0,1931667.0,2147500.0,2198333.0,2187500.0
13.0,13.0,980.0,2220000.0,2293.519,2635000.0,1931667.0,2147500.0,2198333.0,2187500.0
13.0,13.0,1000.0,2220000.0,2293.519,2635000.0,1931667.0,2147500.0,2198333.0,2187500.0
13.0,17.0,460.0,2219833.0,2127.092,2677500.0,2081667.0,2092500.0,2097500.0,2150000.0
14.0,19.0,580.0,2218667.0,2220.609,2621667.0,2048333.0,2035833.0,2190833.0,2196667.0
14.0,15.0,580.0,2218167.0,2275.871,2618333.0,1982500.0,2098333.0,2227500.0,2164167.0
12.0,15.0,520.0,2218000.0,2140.703,2745000.0,1893333.0,2075833.0,2253333.0,2122500.0
13.0,13.0,600.0,2217000.0,2293.519,2607500.0,2034167.0,2120000.0,2165000.0,2158333.0
14.0,17.0,660.0,2217000.0,2247.815,2617500.0,1887500.0,2195000.0,2192500.0,2192500.0
14.0,17.0,680.0,2217000.0,2247.815,2617500.0,1887500.0,2195000.0,2192500.0,2192500.0
14.0,17.0,700.0,2217000.0,2247.815,2617500.0,1887500.0,2195000.0,2192500.0,2192500.0
14.0,17.0,720.0,2217000.0,2247.815,2617500.0,1887500.0,2195000.0,2192500.0,2192500.0
14.0,17.0,740.0,2217000.0,2247.815,2617500.0,1887500.0,2195000.0,2192500.0,2192500.0
14.0,17.0,760.0,2217000.0,2247.815,2617500.0,1887500.0,2195000.0,2192500.0,2192500.0
14.0,17.0,780.0,2217000.0,2247.815,2617500.0,1887500.0,2195000.0,2192500.0,2192500.0
14.0,17.0,800.0,2217000.0,2247.815,2617500.0,1887500.0,2195000.0,2192500.0,2192500.0
14.0,17.0,820.0,2217000.0,2247.815,2617500.0,1887500.0,2195000.0,2192500.0,2192500.0
14.0,17.0,840.0,2217000.0,2247.815,2617500.0,1887500.0,2195000.0,2192500.0,2192500.0
14.0,17.0,860.0,2217000.0,2247.815,2617500.0,1887500.0,2195000.0,2192500.0,2192500.0
14.0,17.0,880.0,2217000.0,2247.815,2617500.0,1887500.0,2195000.0,2192500.0,2192500.0
14.0,17.0,900.0,2217000.0,2247.815,2617500.0,1887500.0,2195000.0,2192500.0,2192500.0
14.0,17.0,920.0,2217000.0,2247.815,2617500.0,1887500.0,2195000.0,2192500.0,2192500.0
14.0,17.0,940.0,2217000.0,2247.815,2617500.0,1887500.0,2195000.0,2192500.0,2192500.0
14.0,17.0,960.0,2217000.0,2247.815,2617500.0,1887500.0,2195000.0,2192500.0,2192500.0
14.0,17.0,980.0,2217000.0,2247.815,2617500.0,1887500.0,2195000.0,2192500.0,2192500.0
14.0,17.0,1000.0,2217000.0,2247.815,2617500.0,1887500.0,2195000.0,2192500.0,2192500.0
14.0,15.0,560.0,2216333.0,2275.871,2630833.0,1971667.0,2084167.0,2240833.0,2154167.0
15.0,15.0,560.0,2215167.0,2389.42,2596667.0,2017500.0,2134167.0,2224167.0,2103333.0
13.0,17.0,600.0,2215000.0,2127.092,2677500.0,1940000.0,2088333.0,2221667.0,2147500.0
14.0,13.0,440.0,2214833.0,2299.424,2665833.0,2150833.0,2081667.0,1995000.0,2180833.0
13.0,13.0,460.0,2214500.0,2293.519,2699167.0,1999167.0,2052500.0,2098333.0,2223333.0
13.0,15.0,520.0,2214500.0,2189.896,2675000.0,1939167.0,2142500.0,2204167.0,2111667.0
14.0,19.0,600.0,2211333.0,2220.609,2592500.0,2051667.0,2020833.0,2195000.0,2196667.0
13.0,15.0,620.0,2210833.0,2189.896,2646667.0,1958333.0,2167500.0,2191667.0,2090000.0
13.0,17.0,440.0,2210333.0,2127.092,2675000.0,2155833.0,2072500.0,2057500.0,2090833.0
11.0,15.0,540.0,2209667.0,2019.006,2724167.0,1930833.0,2090833.0,2099167.0,2203333.0
14.0,19.0,620.0,2208833.0,2220.609,2580000.0,1940833.0,2097500.0,2232500.0,2193333.0
12.0,15.0,560.0,2208000.0,2140.703,2672500.0,1908333.0,2088333.0,2183333.0,2187500.0
12.0,15.0,460.0,2205667.0,2140.703,2715000.0,2052500.0,2075000.0,2117500.0,2068333.0
13.0,13.0,500.0,2205500.0,2293.519,2725000.0,1960833.0,2057500.0,2188333.0,2095833.0
14.0,15.0,420.0,2205500.0,2275.871,2594167.0,2114167.0,2147500.0,2003333.0,2168333.0
14.0,19.0,640.0,2205500.0,2220.609,2537500.0,1910833.0,2137500.0,2256667.0,2185000.0
14.0,19.0,420.0,2204333.0,2220.609,2700000.0,2093333.0,2150833.0,1992500.0,2085000.0
11.0,15.0,520.0,2203500.0,2019.006,2757500.0,1937500.0,2083333.0,2102500.0,2136667.0
13.0,17.0,580.0,2202500.0,2127.092,2626667.0,1935000.0,2087500.0,2210000.0,2153333.0
13.0,15.0,560.0,2201167.0,2189.896,2622500.0,1945000.0,2166667.0,2200000.0,2071667.0
14.0,19.0,440.0,2201167.0,2220.609,2756667.0,2080000.0,2120833.0,1967500.0,2080833.0
13.0,15.0,600.0,2201000.0,2189.896,2636667.0,1959167.0,2144167.0,2170000.0,2095000.0
13.0,15.0,580.0,2200500.0,2189.896,2598333.0,1974167.0,2140000.0,2196667.0,2093333.0
13.0,13.0,440.0,2200333.0,2293.519,2655000.0,2039167.0,2085000.0,2045000.0,2177500.0
14.0,13.0,420.0,2200333.0,2299.424,2663333.0,2077500.0,2139167.0,1940833.0,2180833.0
11.0,15.0,560.0,2199500.0,2019.006,2650833.0,1938333.0,2035833.0,2154167.0,2218333.0
14.0,19.0,660.0,2199500.0,2220.609,2555833.0,1920000.0,2117500.0,2236667.0,2167500.0
14.0,19.0,680.0,2199500.0,2220.609,2555833.0,1920000.0,2117500.0,2236667.0,2167500.0
14.0,19.0,700.0,2199500.0,2220.609,2555833.0,1920000.0,2117500.0,2236667.0,2167500.0
14.0,19.0,720.0,2199500.0,2220.609,2555833.0,1920000.0,2117500.0,2236667.0,2167500.0
14.0,19.0,740.0,2199500.0,2220.609,2555833.0,1920000.0,2117500.0,2236667.0,2167500.0
14.0,19.0,760.0,2199500.0,2220.609,2555833.0,1920000.0,2117500.0,2236667.0,2167500.0
14.0,19.0,780.0,2199500.0,2220.609,2555833.0,1920000.0,2117500.0,2236667.0,2167500.0
14.0,19.0,800.0,2199500.0,2220.609,2555833.0,1920000.0,2117500.0,2236667.0,2167500.0
14.0,19.0,820.0,2199500.0,2220.609,2555833.0,1920000.0,2117500.0,2236667.0,2167500.0
14.0,19.0,840.0,2199500.0,2220.609,2555833.0,1920000.0,2117500.0,2236667.0,2167500.0
14.0,19.0,860.0,2199500.0,2220.609,2555833.0,1920000.0,2117500.0,2236667.0,2167500.0
14.0,19.0,880.0,2199500.0,2220.609,2555833.0,1920000.0,2117500.0,2236667.0,2167500.0
14.0,19.0,900.0,2199500.0,2220.609,2555833.0,1920000.0,2117500.0,2236667.0,2167500.0
14.0,19.0,920.0,2199500.0,2220.609,2555833.0,1920000.0,2117500.0,2236667.0,2167500.0
14.0,19.0,940.0,2199500.0,2220.609,2555833.0,1920000.0,2117500.0,2236667.0,2167500.0
14.0,19.0,960.0,2199500.0,2220.609,2555833.0,1920000.0,2117500.0,2236667.0,2167500.0
14.0,19.0,980.0,2199500.0,2220.609,2555833.0,1920000.0,2117500.0,2236667.0,2167500.0
14.0,19.0,1000.0,2199500.0,2220.609,2555833.0,1920000.0,2117500.0,2236667.0,2167500.0
13.0,13.0,540.0,2197333.0,2293.519,2625833.0,1931667.0,2097500.0,2222500.0,2109167.0
12.0,15.0,440.0,2194167.0,2140.703,2739167.0,2023333.0,2031667.0,2045000.0,2131667.0
13.0,15.0,420.0,2192500.0,2189.896,2599167.0,2037500.0,2162500.0,2014167.0,2149167.0
13.0,17.0,660.0,2189000.0,2127.092,2634167.0,1892500.0,2135833.0,2170833.0,2111667.0
13.0,17.0,680.0,2189000.0,2127.092,2634167.0,1892500.0,2135833.0,2170833.0,2111667.0
13.0,17.0,700.0,2189000.0,2127.092,2634167.0,1892500.0,2135833.0,2170833.0,2111667.0
13.0,17.0,720.0,2189000.0,2127.092,2634167.0,1892500.0,2135833.0,2170833.0,2111667.0
13.0,17.0,740.0,2189000.0,2127.092,2634167.0,1892500.0,2135833.0,2170833.0,2111667.0
13.0,17.0,760.0,2189000.0,2127.092,2634167.0,1892500.0,2135833.0,2170833.0,2111667.0
13.0,17.0,780.0,2189000.0,2127.092,2634167.0,1892500.0,2135833.0,2170833.0,2111667.0
13.0,17.0,800.0,2189000.0,2127.092,2634167.0,1892500.0,2135833.0,2170833.0,2111667.0
13.0,17.0,820.0,2189000.0,2127.092,2634167.0,1892500.0,2135833.0,2170833.0,2111667.0
13.0,17.0,840.0,2189000.0,2127.092,2634167.0,1892500.0,2135833.0,2170833.0,2111667.0
13.0,17.0,860.0,2189000.0,2127.092,2634167.0,1892500.0,2135833.0,2170833.0,2111667.0
13.0,17.0,880.0,2189000.0,2127.092,2634167.0,1892500.0,2135833.0,2170833.0,2111667.0
13.0,17.0,900.0,2189000.0,2127.092,2634167.0,1892500.0,2135833.0,2170833.0,2111667.0
13.0,17.0,920.0,2189000.0,2127.092,2634167.0,1892500.0,2135833.0,2170833.0,2111667.0
13.0,17.0,940.0,2189000.0,2127.092,2634167.0,1892500.0,2135833.0,2170833.0,2111667.0
13.0,17.0,960.0,2189000.0,2127.092,2634167.0,1892500.0,2135833.0,2170833.0,2111667.0
13.0,17.0,980.0,2189000.0,2127.092,2634167.0,1892500.0,2135833.0,2170833.0,2111667.0
13.0,17.0,1000.0,2189000.0,2127.092,2634167.0,1892500.0,2135833.0,2170833.0,2111667.0
11.0,15.0,620.0,2188833.0,2019.006,2640000.0,1956667.0,2052500.0,2129167.0,2165833.0
13.0,13.0,520.0,2188833.0,2293.519,2682500.0,1910000.0,2078333.0,2238333.0,2035000.0
13.0,13.0,580.0,2188667.0,2293.519,2589167.0,2020833.0,2082500.0,2126667.0,2124167.0
12.0,15.0,660.0,2186500.0,2140.703,2617500.0,1955833.0,2101667.0,2173333.0,2084167.0
12.0,15.0,680.0,2186500.0,2140.703,2617500.0,1955833.0,2101667.0,2173333.0,2084167.0
12.0,15.0,700.0,2186500.0,2140.703,2617500.0,1955833.0,2101667.0,2173333.0,2084167.0
12.0,15.0,720.0,2186500.0,2140.703,2617500.0,1955833.0,2101667.0,2173333.0,2084167.0
12.0,15.0,740.0,2186500.0,2140.703,2617500.0,1955833.0,2101667.0,2173333.0,2084167.0
12.0,15.0,760.0,2186500.0,2140.703,2617500.0,1955833.0,2101667.0,2173333.0,2084167.0
12.0,15.0,780.0,2186500.0,2140.703,2617500.0,1955833.0,2101667.0,2173333.0,2084167.0
12.0,15.0,800.0,2186500.0,2140.703,2617500.0,1955833.0,2101667.0,2173333.0,2084167.0
12.0,15.0,820.0,2186500.0,2140.703,2617500.0,1955833.0,2101667.0,2173333.0,2084167.0
12.0,15.0,840.0,2186500.0,2140.703,2617500.0,1955833.0,2101667.0,2173333.0,2084167.0
12.0,15.0,860.0,2186500.0,2140.703,2617500.0,1955833.0,2101667.0,2173333.0,2084167.0
12.0,15.0,880.0,2186500.0,2140.703,2617500.0,1955833.0,2101667.0,2173333.0,2084167.0
12.0,15.0,900.0,2186500.0,2140.703,2617500.0,1955833.0,2101667.0,2173333.0,2084167.0
12.0,15.0,920.0,2186500.0,2140.703,2617500.0,1955833.0,2101667.0,2173333.0,2084167.0
12.0,15.0,940.0,2186500.0,2140.703,2617500.0,1955833.0,2101667.0,2173333.0,2084167.0
12.0,15.0,960.0,2186500.0,2140.703,2617500.0,1955833.0,2101667.0,2173333.0,2084167.0
12.0,15.0,980.0,2186500.0,2140.703,2617500.0,1955833.0,2101667.0,2173333.0,2084167.0
12.0,15.0,1000.0,2186500.0,2140.703,2617500.0,1955833.0,2101667.0,2173333.0,2084167.0
13.0,13.0,560.0,2183667.0,2293.519,2580000.0,1990833.0,2088333.0,2135833.0,2123333.0
12.0,15.0,640.0,2182333.0,2140.703,2633333.0,1975000.0,2099167.0,2160000.0,2044167.0
11.0,15.0,460.0,2181667.0,2019.006,2755833.0,1852500.0,2125000.0,2050000.0,2125000.0
12.0,15.0,620.0,2180000.0,2140.703,2650833.0,1960000.0,2060000.0,2142500.0,2086667.0
11.0,15.0,640.0,2179667.0,2019.006,2606667.0,1940833.0,2073333.0,2119167.0,2158333.0
15.0,15.0,400.0,2177500.0,2389.42,2582500.0,2114167.0,2105833.0,1989167.0,2095833.0
11.0,15.0,440.0,2175167.0,2019.006,2697500.0,1895833.0,2041667.0,1999167.0,2241667.0
7.0,5.0,640.0,2173333.0,1267.743,2876667.0,1824167.0,1906667.0,2139167.0,2120000.0
13.0,17.0,620.0,2172667.0,2127.092,2671667.0,1895833.0,2065833.0,2190833.0,2039167.0
13.0,17.0,640.0,2172000.0,2127.092,2629167.0,1916667.0,2080833.0,2156667.0,2076667.0
13.0,17.0,420.0,2168667.0,2127.092,2615833.0,2097500.0,2091667.0,2029167.0,2009167.0
13.0,13.0,420.0,2167000.0,2293.519,2619167.0,2032500.0,2092500.0,1966667.0,2124167.0
11.0,15.0,580.0,2164333.0,2019.006,2575000.0,1881667.0,2022500.0,2130833.0,2211667.0
12.0,5.0,480.0,2162667.0,2269.654,2601667.0,1990833.0,2078333.0,1995833.0,2146667.0
12.0,15.0,580.0,2161333.0,2140.703,2601667.0,1890000.0,2051667.0,2146667.0,2116667.0
12.0,5.0,460.0,2160500.0,2269.654,2614167.0,1987500.0,2083333.0,1985000.0,2132500.0
11.0,15.0,480.0,2159167.0,2019.006,2744167.0,1869167.0,2030000.0,2087500.0,2065000.0
11.0,15.0,600.0,2159000.0,2019.006,2595000.0,1920833.0,2019167.0,2086667.0,2173333.0
11.0,15.0,420.0,2157167.0,2019.006,2660833.0,1906667.0,2142500.0,1970000.0,2105833.0
15.0,17.0,400.0,2155167.0,2516.316,2535000.0,2140833.0,2090000.0,1976667.0,2033333.0
11.0,15.0,660.0,2155000.0,2019.006,2560833.0,1891667.0,2026667.0,2133333.0,2162500.0
11.0,15.0,680.0,2155000.0,2019.006,2560833.0,1891667.0,2026667.0,2133333.0,2162500.0
11.0,15.0,700.0,2155000.0,2019.006,2560833.0,1891667.0,2026667.0,2133333.0,2162500.0
11.0,15.0,720.0,2155000.0,2019.006,2560833.0,1891667.0,2026667.0,2133333.0,2162500.0
11.0,15.0,740.0,2155000.0,2019.006,2560833.0,1891667.0,2026667.0,2133333.0,2162500.0
11.0,15.0,760.0,2155000.0,2019.006,2560833.0,1891667.0,2026667.0,2133333.0,2162500.0
11.0,15.0,780.0,2155000.0,2019.006,2560833.0,1891667.0,2026667.0,2133333.0,2162500.0
11.0,15.0,800.0,2155000.0,2019.006,2560833.0,1891667.0,2026667.0,2133333.0,2162500.0
11.0,15.0,820.0,2155000.0,2019.006,2560833.0,1891667.0,2026667.0,2133333.0,2162500.0
11.0,15.0,840.0,2155000.0,2019.006,2560833.0,1891667.0,2026667.0,2133333.0,2162500.0
11.0,15.0,860.0,2155000.0,2019.006,2560833.0,1891667.0,2026667.0,2133333.0,2162500.0
11.0,15.0,880.0,2155000.0,2019.006,2560833.0,1891667.0,2026667.0,2133333.0,2162500.0
11.0,15.0,900.0,2155000.0,2019.006,2560833.0,1891667.0,2026667.0,2133333.0,2162500.0
11.0,15.0,920.0,2155000.0,2019.006,2560833.0,1891667.0,2026667.0,2133333.0,2162500.0
11.0,15.0,940.0,2155000.0,2019.006,2560833.0,1891667.0,2026667.0,2133333.0,2162500.0
11.0,15.0,960.0,2155000.0,2019.006,2560833.0,1891667.0,2026667.0,2133333.0,2162500.0
11.0,15.0,980.0,2155000.0,2019.006,2560833.0,1891667.0,2026667.0,2133333.0,2162500.0
11.0,15.0,1000.0,2155000.0,2019.006,2560833.0,1891667.0,2026667.0,2133333.0,2162500.0
12.0,15.0,600.0,2154500.0,2140.703,2626667.0,1906667.0,2050833.0,2122500.0,2065833.0
14.0,15.0,400.0,2148833.0,2275.871,2570833.0,2044167.0,2077500.0,1985000.0,2066667.0
7.0,5.0,660.0,2147833.0,1267.743,2855000.0,1750000.0,1891667.0,2115833.0,2126667.0
7.0,5.0,680.0,2147833.0,1267.743,2855000.0,1750000.0,1891667.0,2115833.0,2126667.0
7.0,5.0,700.0,2147833.0,1267.743,2855000.0,1750000.0,1891667.0,2115833.0,2126667.0
7.0,5.0,720.0,2147833.0,1267.743,2855000.0,1750000.0,1891667.0,2115833.0,2126667.0
7.0,5.0,740.0,2147833.0,1267.743,2855000.0,1750000.0,1891667.0,2115833.0,2126667.0
7.0,5.0,760.0,2147833.0,1267.743,2855000.0,1750000.0,1891667.0,2115833.0,2126667.0
7.0,5.0,780.0,2147833.0,1267.743,2855000.0,1750000.0,1891667.0,2115833.0,2126667.0
7.0,5.0,800.0,2147833.0,1267.743,2855000.0,1750000.0,1891667.0,2115833.0,2126667.0
7.0,5.0,820.0,2147833.0,1267.743,2855000.0,1750000.0,1891667.0,2115833.0,2126667.0
7.0,5.0,840.0,2147833.0,1267.743,2855000.0,1750000.0,1891667.0,2115833.0,2126667.0
7.0,5.0,860.0,2147833.0,1267.743,2855000.0,1750000.0,1891667.0,2115833.0,2126667.0
7.0,5.0,880.0,2147833.0,1267.743,2855000.0,1750000.0,1891667.0,2115833.0,2126667.0
7.0,5.0,900.0,2147833.0,1267.743,2855000.0,1750000.0,1891667.0,2115833.0,2126667.0
7.0,5.0,920.0,2147833.0,1267.743,2855000.0,1750000.0,1891667.0,2115833.0,2126667.0
7.0,5.0,940.0,2147833.0,1267.743,2855000.0,1750000.0,1891667.0,2115833.0,2126667.0
7.0,5.0,960.0,2147833.0,1267.743,2855000.0,1750000.0,1891667.0,2115833.0,2126667.0
7.0,5.0,980.0,2147833.0,1267.743,2855000.0,1750000.0,1891667.0,2115833.0,2126667.0
7.0,5.0,1000.0,2147833.0,1267.743,2855000.0,1750000.0,1891667.0,2115833.0,2126667.0
12.0,5.0,440.0,2147167.0,2269.654,2583333.0,2023333.0,2147500.0,1924167.0,2057500.0
14.0,13.0,400.0,2144333.0,2299.424,2667500.0,2005000.0,2150833.0,1873333.0,2025000.0
7.0,5.0,620.0,2144167.0,1267.743,2828333.0,1855833.0,1861667.0,2074167.0,2100833.0
12.0,15.0,420.0,2143333.0,2140.703,2694167.0,1895833.0,2065833.0,1975833.0,2085000.0
11.0,5.0,480.0,2139833.0,2106.634,2691667.0,1900000.0,1997500.0,2013333.0,2096667.0
7.0,15.0,440.0,2137000.0,1239.062,2595833.0,1944167.0,2052500.0,1987500.0,2105000.0
7.0,5.0,500.0,2134667.0,1267.743,2790833.0,1831667.0,1974167.0,1966667.0,2110000.0
14.0,17.0,400.0,2133333.0,2247.815,2553333.0,2047500.0,2089167.0,1993333.0,1983333.0
7.0,5.0,600.0,2131833.0,1267.743,2785000.0,1804167.0,1874167.0,2098333.0,2097500.0
11.0,5.0,440.0,2131833.0,2106.634,2641667.0,1923333.0,2160000.0,1896667.0,2037500.0
7.0,5.0,460.0,2129500.0,1267.743,2754167.0,1928333.0,1999167.0,1893333.0,2072500.0
11.0,5.0,460.0,2129500.0,2106.634,2655833.0,1880000.0,2071667.0,1965833.0,2074167.0
7.0,5.0,520.0,2128500.0,1267.743,2782500.0,1795833.0,1921667.0,2059167.0,2083333.0
7.0,5.0,560.0,2127333.0,1267.743,2824167.0,1765000.0,1836667.0,2122500.0,2088333.0
13.0,13.0,400.0,2125667.0,2293.519,2630000.0,1964167.0,2121667.0,1906667.0,2005833.0
7.0,5.0,580.0,2122167.0,1267.743,2815000.0,1755000.0,1869167.0,2109167.0,2062500.0
11.0,5.0,500.0,2121667.0,2106.634,2685000.0,1905833.0,1947500.0,1955833.0,2114167.0
7.0,5.0,540.0,2121000.0,1267.743,2779167.0,1768333.0,1863333.0,2079167.0,2115000.0
7.0,5.0,480.0,2117167.0,1267.743,2728333.0,1825833.0,2015833.0,1961667.0,2054167.0
12.0,5.0,500.0,2114167.0,2269.654,2580833.0,1900833.0,2072500.0,1968333.0,2048333.0
14.0,19.0,400.0,2113167.0,2220.609,2500000.0,1987500.0,2058333.0,1990833.0,2029167.0
12.0,5.0,400.0,2108667.0,2269.654,2588333.0,1834167.0,2182500.0,1863333.0,2075000.0
11.0,5.0,540.0,2107000.0,2106.634,2554167.0,1961667.0,2013333.0,1971667.0,2034167.0
7.0,15.0,480.0,2105667.0,1239.062,2570000.0,1880000.0,1977500.0,2039167.0,2061667.0
12.0,5.0,520.0,2104500.0,2269.654,2541667.0,1934167.0,2040833.0,1975833.0,2030000.0
11.0,5.0,660.0,2104167.0,2106.634,2436667.0,1985000.0,1997500.0,2073333.0,2028333.0
11.0,5.0,680.0,2104167.0,2106.634,2436667.0,1985000.0,1997500.0,2073333.0,2028333.0
11.0,5.0,700.0,2104167.0,2106.634,2436667.0,1985000.0,1997500.0,2073333.0,2028333.0
11.0,5.0,720.0,2104167.0,2106.634,2436667.0,1985000.0,1997500.0,2073333.0,2028333.0
11.0,5.0,740.0,2104167.0,2106.634,2436667.0,1985000.0,1997500.0,2073333.0,2028333.0
11.0,5.0,760.0,2104167.0,2106.634,2436667.0,1985000.0,1997500.0,2073333.0,2028333.0
11.0,5.0,780.0,2104167.0,2106.634,2436667.0,1985000.0,1997500.0,2073333.0,2028333.0
11.0,5.0,800.0,2104167.0,2106.634,2436667.0,1985000.0,1997500.0,2073333.0,2028333.0
11.0,5.0,820.0,2104167.0,2106.634,2436667.0,1985000.0,1997500.0,2073333.0,2028333.0
11.0,5.0,840.0,2104167.0,2106.634,2436667.0,1985000.0,1997500.0,2073333.0,2028333.0
11.0,5.0,860.0,2104167.0,2106.634,2436667.0,1985000.0,1997500.0,2073333.0,2028333.0
11.0,5.0,880.0,2104167.0,2106.634,2436667.0,1985000.0,1997500.0,2073333.0,2028333.0
11.0,5.0,900.0,2104167.0,2106.634,2436667.0,1985000.0,1997500.0,2073333.0,2028333.0
11.0,5.0,920.0,2104167.0,2106.634,2436667.0,1985000.0,1997500.0,2073333.0,2028333.0
11.0,5.0,940.0,2104167.0,2106.634,2436667.0,1985000.0,1997500.0,2073333.0,2028333.0
11.0,5.0,960.0,2104167.0,2106.634,2436667.0,1985000.0,1997500.0,2073333.0,2028333.0
11.0,5.0,980.0,2104167.0,2106.634,2436667.0,1985000.0,1997500.0,2073333.0,2028333.0
11.0,5.0,1000.0,2104167.0,2106.634,2436667.0,1985000.0,1997500.0,2073333.0,2028333.0
11.0,5.0,620.0,2103333.0,2106.634,2489167.0,2007500.0,1965000.0,2057500.0,1997500.0
13.0,15.0,400.0,2102500.0,2189.896,2554167.0,1925000.0,2037500.0,1956667.0,2039167.0
11.0,5.0,640.0,2101667.0,2106.634,2430833.0,2002500.0,1990833.0,2063333.0,2020833.0
12.0,4.0,420.0,2100000.0,2270.096,2610833.0,1854167.0,2091667.0,1853333.0,2090000.0
11.0,5.0,560.0,2098667.0,2106.634,2525833.0,1989167.0,1969167.0,1991667.0,2017500.0
7.0,15.0,660.0,2097333.0,1239.062,2633333.0,1781667.0,1962500.0,2094167.0,2015000.0
7.0,15.0,680.0,2097333.0,1239.062,2633333.0,1781667.0,1962500.0,2094167.0,2015000.0
7.0,15.0,700.0,2097333.0,1239.062,2633333.0,1781667.0,1962500.0,2094167.0,2015000.0
7.0,15.0,720.0,2097333.0,1239.062,2633333.0,1781667.0,1962500.0,2094167.0,2015000.0
7.0,15.0,740.0,2097333.0,1239.062,2633333.0,1781667.0,1962500.0,2094167.0,2015000.0
7.0,15.0,760.0,2097333.0,1239.062,2633333.0,1781667.0,1962500.0,2094167.0,2015000.0
7.0,15.0,780.0,2097333.0,1239.062,2633333.0,1781667.0,1962500.0,2094167.0,2015000.0
7.0,15.0,800.0,2097333.0,1239.062,2633333.0,1781667.0,1962500.0,2094167.0,2015000.0
7.0,15.0,820.0,2097333.0,1239.062,2633333.0,1781667.0,1962500.0,2094167.0,2015000.0
7.0,15.0,840.0,2097333.0,1239.062,2633333.0,1781667.0,1962500.0,2094167.0,2015000.0
7.0,15.0,860.0,2097333.0,1239.062,2633333.0,1781667.0,1962500.0,2094167.0,2015000.0
7.0,15.0,880.0,2097333.0,1239.062,2633333.0,1781667.0,1962500.0,2094167.0,2015000.0
7.0,15.0,900.0,2097333.0,1239.062,2633333.0,1781667.0,1962500.0,2094167.0,2015000.0
7.0,15.0,920.0,2097333.0,1239.062,2633333.0,1781667.0,1962500.0,2094167.0,2015000.0
7.0,15.0,940.0,2097333.0,1239.062,2633333.0,1781667.0,1962500.0,2094167.0,2015000.0
7.0,15.0,960.0,2097333.0,1239.062,2633333.0,1781667.0,1962500.0,2094167.0,2015000.0
7.0,15.0,980.0,2097333.0,1239.062,2633333.0,1781667.0,1962500.0,2094167.0,2015000.0
7.0,15.0,1000.0,2097333.0,1239.062,2633333.0,1781667.0,1962500.0,2094167.0,2015000.0
12.0,4.0,480.0,2096833.0,2270.096,2553333.0,1906667.0,2040000.0,1903333.0,2080833.0
7.0,15.0,620.0,2095333.0,1239.062,2590833.0,1789167.0,1957500.0,2095000.0,2044167.0
13.0,17.0,400.0,2094500.0,2127.092,2584167.0,1916667.0,2031667.0,1950000.0,1990000.0
11.0,5.0,600.0,2093500.0,2106.634,2471667.0,1976667.0,1970833.0,2027500.0,2020833.0
7.0,15.0,600.0,2092667.0,1239.062,2642500.0,1705000.0,1920000.0,2103333.0,2092500.0
12.0,5.0,560.0,2091667.0,2269.654,2473333.0,1901667.0,2015000.0,2003333.0,2065000.0
12.0,5.0,540.0,2091000.0,2269.654,2471667.0,1869167.0,1998333.0,2035000.0,2080833.0
12.0,4.0,440.0,2090167.0,2270.096,2607500.0,1899167.0,1977500.0,1871667.0,2095000.0
12.0,4.0,460.0,2089833.0,2270.096,2629167.0,1866667.0,2008333.0,1862500.0,2082500.0
7.0,15.0,640.0,2089000.0,1239.062,2630000.0,1771667.0,1959167.0,2066667.0,2017500.0
7.0,4.0,660.0,2087833.0,1274.439,2846667.0,1828333.0,1863333.0,1950000.0,1950833.0
7.0,4.0,680.0,2087833.0,1274.439,2846667.0,1828333.0,1863333.0,1950000.0,1950833.0
7.0,4.0,700.0,2087833.0,1274.439,2846667.0,1828333.0,1863333.0,1950000.0,1950833.0
7.0,4.0,720.0,2087833.0,1274.439,2846667.0,1828333.0,1863333.0,1950000.0,1950833.0
7.0,4.0,740.0,2087833.0,1274.439,2846667.0,1828333.0,1863333.0,1950000.0,1950833.0
7.0,4.0,760.0,2087833.0,1274.439,2846667.0,1828333.0,1863333.0,1950000.0,1950833.0
7.0,4.0,780.0,2087833.0,1274.439,2846667.0,1828333.0,1863333.0,1950000.0,1950833.0
7.0,4.0,800.0,2087833.0,1274.439,2846667.0,1828333.0,1863333.0,1950000.0,1950833.0
7.0,4.0,820.0,2087833.0,1274.439,2846667.0,1828333.0,1863333.0,1950000.0,1950833.0
7.0,4.0,840.0,2087833.0,1274.439,2846667.0,1828333.0,1863333.0,1950000.0,1950833.0
7.0,4.0,860.0,2087833.0,1274.439,2846667.0,1828333.0,1863333.0,1950000.0,1950833.0
7.0,4.0,880.0,2087833.0,1274.439,2846667.0,1828333.0,1863333.0,1950000.0,1950833.0
7.0,4.0,900.0,2087833.0,1274.439,2846667.0,1828333.0,1863333.0,1950000.0,1950833.0
7.0,4.0,920.0,2087833.0,1274.439,2846667.0,1828333.0,1863333.0,1950000.0,1950833.0
7.0,4.0,940.0,2087833.0,1274.439,2846667.0,1828333.0,1863333.0,1950000.0,1950833.0
7.0,4.0,960.0,2087833.0,1274.439,2846667.0,1828333.0,1863333.0,1950000.0,1950833.0
7.0,4.0,980.0,2087833.0,1274.439,2846667.0,1828333.0,1863333.0,1950000.0,1950833.0
7.0,4.0,1000.0,2087833.0,1274.439,2846667.0,1828333.0,1863333.0,1950000.0,1950833.0
7.0,4.0,520.0,2087667.0,1274.439,2740000.0,1786667.0,1794167.0,2026667.0,2090833.0
11.0,5.0,420.0,2087500.0,2106.634,2543333.0,1870000.0,2210000.0,1821667.0,1992500.0
7.0,5.0,440.0,2086833.0,1267.743,2598333.0,1895833.0,1975000.0,1931667.0,2033333.0
11.0,5.0,580.0,2086667.0,2106.634,2485000.0,1942500.0,1983333.0,2017500.0,2005000.0
7.0,15.0,500.0,2086500.0,1239.062,2505833.0,1874167.0,1940833.0,2027500.0,2084167.0
11.0,5.0,520.0,2084833.0,2106.634,2547500.0,1920833.0,2006667.0,1916667.0,2032500.0
7.0,15.0,560.0,2084167.0,1239.062,2599167.0,1775000.0,1897500.0,2085833.0,2063333.0
7.0,4.0,540.0,2083500.0,1274.439,2786667.0,1767500.0,1818333.0,2055000.0,1990000.0
7.0,15.0,460.0,2082333.0,1239.062,2533333.0,1851667.0,1978333.0,2008333.0,2040000.0
7.0,15.0,580.0,2081167.0,1239.062,2638333.0,1715000.0,1895833.0,2064167.0,2092500.0
12.0,5.0,420.0,2080833.0,2269.654,2555000.0,1878333.0,2120000.0,1807500.0,2043333.0
7.0,4.0,620.0,2078500.0,1274.439,2795833.0,1825833.0,1845833.0,1953333.0,1971667.0
7.0,15.0,520.0,2078333.0,1239.062,2606667.0,1761667.0,1899167.0,2101667.0,2022500.0
11.0,4.0,460.0,2076000.0,1974.448,2590000.0,1832500.0,1917500.0,1940000.0,2100000.0
7.0,4.0,640.0,2075833.0,1274.439,2837500.0,1835000.0,1856667.0,1933333.0,1916667.0
11.0,4.0,480.0,2074000.0,1974.448,2516667.0,1840833.0,1920833.0,1966667.0,2125000.0
7.0,15.0,540.0,2072333.0,1239.062,2607500.0,1775000.0,1853333.0,2095833.0,2030000.0
7.0,4.0,560.0,2071500.0,1274.439,2762500.0,1780833.0,1759167.0,2052500.0,2002500.0
12.0,5.0,580.0,2070333.0,2269.654,2436667.0,1893333.0,2025833.0,1987500.0,2008333.0
12.0,15.0,400.0,2067167.0,2140.703,2596667.0,1894167.0,1975833.0,1875000.0,1994167.0
7.0,4.0,480.0,2067000.0,1274.439,2648333.0,1746667.0,1880833.0,1996667.0,2062500.0
7.0,4.0,500.0,2066000.0,1274.439,2648333.0,1780000.0,1793333.0,1951667.0,2156667.0
7.0,15.0,420.0,2065000.0,1239.062,2523333.0,1840833.0,2012500.0,1899167.0,2049167.0
7.0,4.0,600.0,2062500.0,1274.439,2824167.0,1809167.0,1772500.0,2025833.0,1880833.0
12.0,5.0,600.0,2061667.0,2269.654,2376667.0,1950833.0,1987500.0,2023333.0,1970000.0
11.0,4.0,560.0,2061333.0,1974.448,2405000.0,1933333.0,2005833.0,2014167.0,1948333.0
11.0,4.0,500.0,2060500.0,1974.448,2467500.0,1932500.0,1922500.0,1902500.0,2077500.0
11.0,15.0,400.0,2060500.0,2019.006,2600000.0,1879167.0,1998333.0,1860833.0,1964167.0
11.0,4.0,540.0,2060333.0,1974.448,2394167.0,1920833.0,1954167.0,1993333.0,2039167.0
11.0,5.0,400.0,2059167.0,2106.634,2576667.0,1755833.0,2209167.0,1735000.0,2019167.0
12.0,4.0,500.0,2057333.0,2270.096,2414167.0,1895833.0,1985833.0,1890000.0,2100833.0
12.0,4.0,520.0,2054667.0,2270.096,2428333.0,1928333.0,1978333.0,1935000.0,2003333.0
11.0,4.0,520.0,2053667.0,1974.448,2439167.0,1901667.0,1970833.0,1919167.0,2037500.0
12.0,4.0,400.0,2053000.0,2270.096,2640000.0,1756667.0,2138333.0,1684167.0,2045833.0
7.0,4.0,460.0,2050333.0,1274.439,2585833.0,1790833.0,1915000.0,1898333.0,2061667.0
7.0,4.0,580.0,2050333.0,1274.439,2768333.0,1775000.0,1801667.0,2012500.0,1894167.0
12.0,5.0,640.0,2046500.0,2269.654,2279167.0,2011667.0,1923333.0,2028333.0,1990000.0
11.0,4.0,420.0,2045833.0,1974.448,2505000.0,1805000.0,2142500.0,1730833.0,2045833.0
11.0,4.0,440.0,2045500.0,1974.448,2487500.0,1805000.0,2027500.0,1807500.0,2100000.0
12.0,5.0,660.0,2044333.0,2269.654,2290833.0,2014167.0,1902500.0,2015833.0,1998333.0
12.0,5.0,680.0,2044333.0,2269.654,2290833.0,2014167.0,1902500.0,2015833.0,1998333.0
12.0,5.0,700.0,2044333.0,2269.654,2290833.0,2014167.0,1902500.0,2015833.0,1998333.0
12.0,5.0,720.0,2044333.0,2269.654,2290833.0,2014167.0,1902500.0,2015833.0,1998333.0
12.0,5.0,740.0,2044333.0,2269.654,2290833.0,2014167.0,1902500.0,2015833.0,1998333.0
12.0,5.0,760.0,2044333.0,2269.654,2290833.0,2014167.0,1902500.0,2015833.0,1998333.0
12.0,5.0,780.0,2044333.0,2269.654,2290833.0,2014167.0,1902500.0,2015833.0,1998333.0
12.0,5.0,800.0,2044333.0,2269.654,2290833.0,2014167.0,1902500.0,2015833.0,1998333.0
12.0,5.0,820.0,2044333.0,2269.654,2290833.0,2014167.0,1902500.0,2015833.0,1998333.0
12.0,5.0,840.0,2044333.0,2269.654,2290833.0,2014167.0,1902500.0,2015833.0,1998333.0
12.0,5.0,860.0,2044333.0,2269.654,2290833.0,2014167.0,1902500.0,2015833.0,1998333.0
12.0,5.0,880.0,2044333.0,2269.654,2290833.0,2014167.0,1902500.0,2015833.0,1998333.0
12.0,5.0,900.0,2044333.0,2269.654,2290833.0,2014167.0,1902500.0,2015833.0,1998333.0
12.0,5.0,920.0,2044333.0,2269.654,2290833.0,2014167.0,1902500.0,2015833.0,1998333.0
12.0,5.0,940.0,2044333.0,2269.654,2290833.0,2014167.0,1902500.0,2015833.0,1998333.0
12.0,5.0,960.0,2044333.0,2269.654,2290833.0,2014167.0,1902500.0,2015833.0,1998333.0
12.0,5.0,980.0,2044333.0,2269.654,2290833.0,2014167.0,1902500.0,2015833.0,1998333.0
12.0,5.0,1000.0,2044333.0,2269.654,2290833.0,2014167.0,1902500.0,2015833.0,1998333.0
7.0,5.0,420.0,2044167.0,1267.743,2742500.0,1718333.0,1997500.0,1849167.0,1913333.0
12.0,5.0,620.0,2042000.0,2269.654,2265000.0,1987500.0,1936667.0,2028333.0,1992500.0
11.0,4.0,580.0,2038000.0,1974.448,2275000.0,1955000.0,1993333.0,2009167.0,1957500.0
11.0,4.0,600.0,2032500.0,1974.448,2282500.0,1985000.0,2005833.0,1909167.0,1980000.0
12.0,4.0,540.0,2027667.0,2270.096,2356667.0,1913333.0,1960000.0,1970833.0,1937500.0
11.0,4.0,620.0,2025333.0,1974.448,2305833.0,1995000.0,1975000.0,1922500.0,1928333.0
11.0,4.0,640.0,2023167.0,1974.448,2299167.0,2022500.0,1889167.0,1948333.0,1956667.0
12.0,4.0,560.0,2017333.0,2270.096,2229167.0,1946667.0,1981667.0,1979167.0,1950000.0
7.0,4.0,440.0,2016167.0,1274.439,2485833.0,1757500.0,2009167.0,1815833.0,2012500.0
11.0,4.0,660.0,2013333.0,1974.448,2259167.0,2063333.0,1896667.0,1957500.0,1890000.0
11.0,4.0,680.0,2013333.0,1974.448,2259167.0,2063333.0,1896667.0,1957500.0,1890000.0
11.0,4.0,700.0,2013333.0,1974.448,2259167.0,2063333.0,1896667.0,1957500.0,1890000.0
11.0,4.0,720.0,2013333.0,1974.448,2259167.0,2063333.0,1896667.0,1957500.0,1890000.0
11.0,4.0,740.0,2013333.0,1974.448,2259167.0,2063333.0,1896667.0,1957500.0,1890000.0
11.0,4.0,760.0,2013333.0,1974.448,2259167.0,2063333.0,1896667.0,1957500.0,1890000.0
11.0,4.0,780.0,2013333.0,1974.448,2259167.0,2063333.0,1896667.0,1957500.0,1890000.0
11.0,4.0,800.0,2013333.0,1974.448,2259167.0,2063333.0,1896667.0,1957500.0,1890000.0
11.0,4.0,820.0,2013333.0,1974.448,2259167.0,2063333.0,1896667.0,1957500.0,1890000.0
11.0,4.0,840.0,2013333.0,1974.448,2259167.0,2063333.0,1896667.0,1957500.0,1890000.0
11.0,4.0,860.0,2013333.0,1974.448,2259167.0,2063333.0,1896667.0,1957500.0,1890000.0
11.0,4.0,880.0,2013333.0,1974.448,2259167.0,2063333.0,1896667.0,1957500.0,1890000.0
11.0,4.0,900.0,2013333.0,1974.448,2259167.0,2063333.0,1896667.0,1957500.0,1890000.0
11.0,4.0,920.0,2013333.0,1974.448,2259167.0,2063333.0,1896667.0,1957500.0,1890000.0
11.0,4.0,940.0,2013333.0,1974.448,2259167.0,2063333.0,1896667.0,1957500.0,1890000.0
11.0,4.0,960.0,2013333.0,1974.448,2259167.0,2063333.0,1896667.0,1957500.0,1890000.0
11.0,4.0,980.0,2013333.0,1974.448,2259167.0,2063333.0,1896667.0,1957500.0,1890000.0
11.0,4.0,1000.0,2013333.0,1974.448,2259167.0,2063333.0,1896667.0,1957500.0,1890000.0
14.0,15.0,380.0,2012000.0,2275.871,2345000.0,1910000.0,1942500.0,1927500.0,1935000.0
15.0,15.0,380.0,2010333.0,2389.42,2385833.0,1879167.0,1955000.0,1920833.0,1910833.0
11.0,4.0,400.0,2009667.0,1974.448,2523333.0,1707500.0,2095000.0,1677500.0,2045000.0
12.0,5.0,380.0,2007167.0,2269.654,2494167.0,1705833.0,2233333.0,1711667.0,1890833.0
15.0,17.0,380.0,1995000.0,2516.316,2363333.0,1855833.0,1945833.0,1873333.0,1936667.0
14.0,13.0,380.0,1992667.0,2299.424,2393333.0,1786667.0,1993333.0,1807500.0,1982500.0
12.0,4.0,580.0,1982833.0,2270.096,2165833.0,1962500.0,1929167.0,1942500.0,1914167.0
7.0,15.0,400.0,1982333.0,1239.062,2452500.0,1890833.0,1866667.0,1750833.0,1950833.0
13.0,13.0,380.0,1981167.0,2293.519,2476667.0,1758333.0,1930833.0,1731667.0,2008333.0
14.0,19.0,380.0,1975333.0,2220.609,2385000.0,1902500.0,1976667.0,1732500.0,1880000.0
14.0,17.0,380.0,1970500.0,2247.815,2359167.0,1837500.0,1949167.0,1851667.0,1855000.0
7.0,4.0,420.0,1966167.0,1274.439,2560000.0,1673333.0,1927500.0,1768333.0,1901667.0
12.0,4.0,640.0,1964500.0,2270.096,2210833.0,1950833.0,1912500.0,1879167.0,1869167.0
12.0,15.0,380.0,1959333.0,2140.703,2373333.0,1774167.0,1960833.0,1758333.0,1930000.0
12.0,4.0,600.0,1956833.0,2270.096,2172500.0,1933333.0,1930000.0,1900833.0,1847500.0
12.0,4.0,660.0,1951500.0,2270.096,2171667.0,1963333.0,1869167.0,1893333.0,1860000.0
12.0,4.0,680.0,1951500.0,2270.096,2171667.0,1963333.0,1869167.0,1893333.0,1860000.0
12.0,4.0,700.0,1951500.0,2270.096,2171667.0,1963333.0,1869167.0,1893333.0,1860000.0
12.0,4.0,720.0,1951500.0,2270.096,2171667.0,1963333.0,1869167.0,1893333.0,1860000.0
12.0,4.0,740.0,1951500.0,2270.096,2171667.0,1963333.0,1869167.0,1893333.0,1860000.0
12.0,4.0,760.0,1951500.0,2270.096,2171667.0,1963333.0,1869167.0,1893333.0,1860000.0
12.0,4.0,780.0,1951500.0,2270.096,2171667.0,1963333.0,1869167.0,1893333.0,1860000.0
12.0,4.0,800.0,1951500.0,2270.096,2171667.0,1963333.0,1869167.0,1893333.0,1860000.0
12.0,4.0,820.0,1951500.0,2270.096,2171667.0,1963333.0,1869167.0,1893333.0,1860000.0
12.0,4.0,840.0,1951500.0,2270.096,2171667.0,1963333.0,1869167.0,1893333.0,1860000.0
12.0,4.0,860.0,1951500.0,2270.096,2171667.0,1963333.0,1869167.0,1893333.0,1860000.0
12.0,4.0,880.0,1951500.0,2270.096,2171667.0,1963333.0,1869167.0,1893333.0,1860000.0
12.0,4.0,900.0,1951500.0,2270.096,2171667.0,1963333.0,1869167.0,1893333.0,1860000.0
12.0,4.0,920.0,1951500.0,2270.096,2171667.0,1963333.0,1869167.0,1893333.0,1860000.0
12.0,4.0,940.0,1951500.0,2270.096,2171667.0,1963333.0,1869167.0,1893333.0,1860000.0
12.0,4.0,960.0,1951500.0,2270.096,2171667.0,1963333.0,1869167.0,1893333.0,1860000.0
12.0,4.0,980.0,1951500.0,2270.096,2171667.0,1963333.0,1869167.0,1893333.0,1860000.0
12.0,4.0,1000.0,1951500.0,2270.096,2171667.0,1963333.0,1869167.0,1893333.0,1860000.0
11.0,15.0,380.0,1951167.0,2019.006,2385833.0,1779167.0,1925833.0,1674167.0,1990833.0
13.0,17.0,380.0,1947167.0,2127.092,2325000.0,1739167.0,1894167.0,1785833.0,1991667.0
11.0,5.0,380.0,1947000.0,2106.634,2326667.0,1735833.0,2130833.0,1702500.0,1839167.0
7.0,5.0,400.0,1946833.0,1267.743,2583333.0,1715833.0,1895000.0,1601667.0,1938333.0
12.0,4.0,620.0,1944833.0,2270.096,2167500.0,1968333.0,1840833.0,1904167.0,1843333.0
13.0,15.0,380.0,1932667.0,2189.896,2327500.0,1722500.0,1961667.0,1742500.0,1909167.0
7.0,4.0,400.0,1918000.0,1274.439,2516667.0,1693333.0,1816667.0,1646667.0,1916667.0
12.0,4.0,380.0,1896333.0,2270.096,2400833.0,1531667.0,2093333.0,1558333.0,1897500.0
11.0,4.0,380.0,1890500.0,1974.448,2375000.0,1670833.0,2075833.0,1580833.0,1750000.0
7.0,15.0,380.0,1877333.0,1239.062,2375000.0,1808333.0,1766667.0,1580833.0,1855833.0
14.0,13.0,360.0,1832667.0,2299.424,2173333.0,1584167.0,1930833.0,1646667.0,1828333.0
7.0,5.0,380.0,1832167.0,1267.743,2425833.0,1585000.0,1795000.0,1499167.0,1855833.0
7.0,4.0,380.0,1798000.0,1274.439,2345833.0,1617500.0,1665833.0,1495000.0,1865833.0
13.0,13.0,360.0,1787500.0,2293.519,2093333.0,1624167.0,1889167.0,1555000.0,1775833.0
12.0,5.0,360.0,1776167.0,2269.654,2121667.0,1579167.0,2025000.0,1441667.0,1713333.0
12.0,4.0,360.0,1767667.0,2270.096,2193333.0,1551667.0,1990833.0,1529167.0,1573333.0
14.0,17.0,360.0,1762833.0,2247.815,2105000.0,1621667.0,1737500.0,1569167.0,1780833.0
15.0,17.0,360.0,1757167.0,2516.316,2011667.0,1616667.0,1751667.0,1661667.0,1744167.0
14.0,15.0,360.0,1750333.0,2275.871,2034167.0,1570833.0,1745833.0,1616667.0,1784167.0
14.0,19.0,360.0,1750167.0,2220.609,2100833.0,1547500.0,1777500.0,1585833.0,1739167.0
11.0,5.0,360.0,1747333.0,2106.634,2184167.0,1543333.0,1917500.0,1434167.0,1657500.0
15.0,15.0,360.0,1738167.0,2389.42,2059167.0,1531667.0,1767500.0,1622500.0,1710000.0
11.0,4.0,360.0,1732000.0,1974.448,2095833.0,1480000.0,2040833.0,1501667.0,1541667.0
13.0,15.0,360.0,1724000.0,2189.896,2029167.0,1556667.0,1769167.0,1531667.0,1733333.0
11.0,15.0,360.0,1721500.0,2019.006,2022500.0,1574167.0,1826667.0,1484167.0,1700000.0
12.0,15.0,360.0,1706000.0,2140.703,2022500.0,1522500.0,1795833.0,1491667.0,1697500.0
13.0,17.0,360.0,1705333.0,2127.092,2056667.0,1544167.0,1654167.0,1509167.0,1762500.0
7.0,15.0,360.0,1631500.0,1239.062,1987500.0,1489167.0,1646667.0,1361667.0,1672500.0
7.0,5.0,360.0,1612500.0,1267.743,2126667.0,1359167.0,1659167.0,1290000.0,1627500.0
7.0,4.0,360.0,1593833.0,1274.439,2087500.0,1326667.0,1634167.0,1320000.0,1600833.0
12.0,4.0,340.0,1409000.0,2270.096,1785000.0,1166667.0,1580000.0,1154167.0,1359167.0
11.0,4.0,340.0,1391167.0,1974.448,1802500.0,1089167.0,1585000.0,1157500.0,1321667.0
12.0,5.0,340.0,1389000.0,2269.654,1790000.0,1069167.0,1496667.0,1171667.0,1417500.0
15.0,15.0,340.0,1348667.0,2389.42,1752500.0,1050000.0,1359167.0,1257500.0,1324167.0
15.0,17.0,340.0,1347500.0,2516.316,1648333.0,1070833.0,1280000.0,1316667.0,1421667.0
13.0,15.0,340.0,1332500.0,2189.896,1743333.0,985000.0,1282500.0,1325833.0,1325833.0
14.0,13.0,340.0,1326833.0,2299.424,1605833.0,1006667.0,1343333.0,1300000.0,1378333.0
11.0,5.0,340.0,1326167.0,2106.634,1773333.0,1085833.0,1430833.0,1041667.0,1299167.0
13.0,13.0,340.0,1325000.0,2293.519,1640833.0,979166.7,1348333.0,1336667.0,1320000.0
14.0,19.0,340.0,1320833.0,2220.609,1623333.0,1060000.0,1238333.0,1283333.0,1399167.0
14.0,17.0,340.0,1315500.0,2247.815,1632500.0,1039167.0,1275000.0,1316667.0,1314167.0
14.0,15.0,340.0,1315000.0,2275.871,1617500.0,988333.3,1291667.0,1305000.0,1372500.0
13.0,17.0,340.0,1287333.0,2127.092,1593333.0,1021667.0,1206667.0,1322500.0,1292500.0
12.0,15.0,340.0,1287167.0,2140.703,1690833.0,1035833.0,1221667.0,1245000.0,1242500.0
11.0,15.0,340.0,1239833.0,2019.006,1566667.0,995833.3,1199167.0,1281667.0,1155833.0
7.0,4.0,340.0,1167500.0,1274.439,1566667.0,975000.0,1217500.0,843333.3,1235000.0
7.0,5.0,340.0,1149833.0,1267.743,1473333.0,1014167.0,1221667.0,935000.0,1105000.0
7.0,15.0,340.0,1112667.0,1239.062,1419167.0,972500.0,1075000.0,946666.7,1150000.0
12.0,4.0,320.0,851833.3,2270.096,1085833.0,660833.3,903333.3,868333.3,740833.3
11.0,4.0,320.0,783500.0,1974.448,1035000.0,520833.3,785000.0,906666.7,670000.0
12.0,5.0,320.0,727166.7,2269.654,1074167.0,411666.7,727500.0,773333.3,649166.7
11.0,5.0,320.0,684833.3,2106.634,1033333.0,363333.3,672500.0,755000.0,600000.0
14.0,13.0,320.0,527333.3,2299.424,688333.3,368333.3,442500.0,641666.7,495833.3
14.0,15.0,320.0,488166.7,2275.871,723333.3,367500.0,360833.3,545833.3,443333.3
15.0,15.0,320.0,478333.3,2389.42,735000.0,310833.3,368333.3,510000.0,467500.0
15.0,17.0,320.0,477000.0,2516.316,773333.3,321666.7,298333.3,542500.0,449166.7
13.0,13.0,320.0,463666.7,2293.519,680833.3,336666.7,309166.7,576666.7,415000.0
12.0,15.0,320.0,455666.7,2140.703,713333.3,280833.3,243333.3,586666.7,454166.7
13.0,15.0,320.0,448166.7,2189.896,735833.3,274166.7,241666.7,552500.0,436666.7
13.0,17.0,320.0,436333.3,2127.092,760000.0,250000.0,216666.7,536666.7,418333.3
14.0,17.0,320.0,433000.0,2247.815,673333.3,285833.3,271666.7,545000.0,389166.7
11.0,15.0,320.0,395666.7,2019.006,737500.0,151666.7,170833.3,512500.0,405833.3
14.0,19.0,320.0,386000.0,2220.609,696666.7,189166.7,187500.0,491666.7,365000.0
7.0,4.0,320.0,275166.7,1274.439,444166.7,95833.33,288333.3,338333.3,209166.7
7.0,5.0,320.0,260833.3,1267.743,409166.7,89166.67,207500.0,399166.7,199166.7
7.0,15.0,320.0,18666.67,1239.062,167500.0,-84166.67,-166666.7,187500.0,-10833.33
12.0,4.0,300.0,-1102333.0,2270.096,-752500.0,-1128333.0,-1347500.0,-966666.7,-1316667.0
11.0,4.0,300.0,-1247833.0,1974.448,-847500.0,-1195833.0,-1551667.0,-1068333.0,-1575833.0
12.0,5.0,300.0,-1269667.0,2269.654,-936666.7,-1234167.0,-1533333.0,-1155833.0,-1488333.0
11.0,5.0,300.0,-1407333.0,2106.634,-1075000.0,-1479167.0,-1653333.0,-1197500.0,-1631667.0
14.0,13.0,300.0,-1704667.0,2299.424,-1365833.0,-1915000.0,-1820833.0,-1670000.0,-1751667.0
13.0,13.0,300.0,-1713667.0,2293.519,-1431667.0,-1866667.0,-1859167.0,-1628333.0,-1782500.0
13.0,15.0,300.0,-1767000.0,2189.896,-1496667.0,-1951667.0,-1894167.0,-1724167.0,-1768333.0
15.0,15.0,300.0,-1770333.0,2389.42,-1368333.0,-1970833.0,-1935833.0,-1744167.0,-1832500.0
14.0,15.0,300.0,-1784000.0,2275.871,-1405833.0,-1950000.0,-1920000.0,-1808333.0,-1835833.0
14.0,17.0,300.0,-1827500.0,2247.815,-1427500.0,-2136667.0,-1913333.0,-1791667.0,-1868333.0
15.0,17.0,300.0,-1827667.0,2516.316,-1427500.0,-2055000.0,-1879167.0,-1876667.0,-1900000.0
13.0,17.0,300.0,-1860333.0,2127.092,-1496667.0,-2115000.0,-1954167.0,-1778333.0,-1957500.0
12.0,15.0,300.0,-1869500.0,2140.703,-1609167.0,-1969167.0,-1973333.0,-1863333.0,-1932500.0
11.0,15.0,300.0,-1895833.0,2019.006,-1601667.0,-1957500.0,-1970000.0,-1875833.0,-2074167.0
14.0,19.0,300.0,-1897833.0,2220.609,-1505833.0,-2097500.0,-1945833.0,-1970000.0,-1970000.0
7.0,4.0,300.0,-2367333.0,1274.439,-2089167.0,-2424167.0,-2862500.0,-1780000.0,-2680833.0
7.0,5.0,300.0,-2439667.0,1267.743,-2170000.0,-2463333.0,-2907500.0,-1850000.0,-2807500.0
7.0,15.0,300.0,-2617500.0,1239.062,-2254167.0,-2719167.0,-2863333.0,-2399167.0,-2851667.0
14.0,13.0,280.0,-13321333.0,2299.424,-11958333.0,-14064167.0,-14590000.0,-12904167.0,-13090000.0
15.0,15.0,280.0,-13377500.0,2389.42,-12241667.0,-13812500.0,-14555000.0,-13091667.0,-13186667.0
14.0,15.0,280.0,-13480833.0,2275.871,-12276667.0,-14040833.0,-14695833.0,-13138333.0,-13252500.0
15.0,17.0,280.0,-13568333.0,2516.316,-12503333.0,-13930833.0,-14724167.0,-13184167.0,-13499167.0
13.0,13.0,280.0,-13584833.0,2293.519,-12126667.0,-14515833.0,-14893333.0,-13190833.0,-13197500.0
14.0,17.0,280.0,-13635000.0,2247.815,-12551667.0,-14014167.0,-14834167.0,-13242500.0,-13532500.0
13.0,15.0,280.0,-13644833.0,2189.896,-12386667.0,-14345000.0,-14856667.0,-13311667.0,-13324167.0
13.0,17.0,280.0,-13752500.0,2127.092,-12555000.0,-14192500.0,-15063333.0,-13335833.0,-13615833.0
14.0,19.0,280.0,-13787000.0,2220.609,-12724167.0,-14090000.0,-14978333.0,-13393333.0,-13749167.0
12.0,15.0,280.0,-13958333.0,2140.703,-12599167.0,-14814167.0,-15249167.0,-13739167.0,-13390000.0
12.0,5.0,280.0,-14320000.0,2269.654,-11952500.0,-15760000.0,-16458333.0,-13789167.0,-13640000.0
11.0,15.0,280.0,-14359167.0,2019.006,-12947500.0,-15296667.0,-15785833.0,-14060833.0,-13705000.0
12.0,4.0,280.0,-14434833.0,2270.096,-12217500.0,-15552500.0,-16735000.0,-14002500.0,-13666667.0
11.0,5.0,280.0,-15581333.0,2106.634,-12840000.0,-17470833.0,-18380833.0,-14419167.0,-14795833.0
11.0,4.0,280.0,-15636500.0,1974.448,-12308333.0,-17957500.0,-19041667.0,-14564167.0,-14310833.0
7.0,15.0,280.0,-20042500.0,1239.062,-14846667.0,-29720833.0,-21330000.0,-17073333.0,-17241667.0
7.0,4.0,280.0,-26472500.0,1274.439,-13772500.0,-29720833.0,-29720833.0,-29400833.0,-29747500.0
7.0,5.0,280.0,-26481333.0,1267.743,-13816667.0,-29720833.0,-29720833.0,-29400833.0,-29747500.0
7.0,4.0,20.0,-29539500.0,1274.439,-29107500.0,-29720833.0,-29720833.0,-29400833.0,-29747500.0
7.0,4.0,40.0,-29539500.0,1274.439,-29107500.0,-29720833.0,-29720833.0,-29400833.0,-29747500.0
7.0,4.0,60.0,-29539500.0,1274.439,-29107500.0,-29720833.0,-29720833.0,-29400833.0,-29747500.0
7.0,4.0,80.0,-29539500.0,1274.439,-29107500.0,-29720833.0,-29720833.0,-29400833.0,-29747500.0
7.0,4.0,100.0,-29539500.0,1274.439,-29107500.0,-29720833.0,-29720833.0,-29400833.0,-29747500.0
7.0,4.0,120.0,-29539500.0,1274.439,-29107500.0,-29720833.0,-29720833.0,-29400833.0,-29747500.0
7.0,4.0,140.0,-29539500.0,1274.439,-29107500.0,-29720833.0,-29720833.0,-29400833.0,-29747500.0
7.0,4.0,160.0,-29539500.0,1274.439,-29107500.0,-29720833.0,-29720833.0,-29400833.0,-29747500.0
7.0,4.0,180.0,-29539500.0,1274.439,-29107500.0,-29720833.0,-29720833.0,-29400833.0,-29747500.0
7.0,4.0,200.0,-29539500.0,1274.439,-29107500.0,-29720833.0,-29720833.0,-29400833.0,-29747500.0
7.0,4.0,220.0,-29539500.0,1274.439,-29107500.0,-29720833.0,-29720833.0,-29400833.0,-29747500.0
7.0,4.0,240.0,-29539500.0,1274.439,-29107500.0,-29720833.0,-29720833.0,-29400833.0,-29747500.0
7.0,4.0,260.0,-29539500.0,1274.439,-29107500.0,-29720833.0,-29720833.0,-29400833.0,-29747500.0
7.0,5.0,20.0,-29539500.0,1267.743,-29107500.0,-29720833.0,-29720833.0,-29400833.0,-29747500.0
7.0,5.0,40.0,-29539500.0,1267.743,-29107500.0,-29720833.0,-29720833.0,-29400833.0,-29747500.0
7.0,5.0,60.0,-29539500.0,1267.743,-29107500.0,-29720833.0,-29720833.0,-29400833.0,-29747500.0
7.0,5.0,80.0,-29539500.0,1267.743,-29107500.0,-29720833.0,-29720833.0,-29400833.0,-29747500.0
7.0,5.0,100.0,-29539500.0,1267.743,-29107500.0,-29720833.0,-29720833.0,-29400833.0,-29747500.0
7.0,5.0,120.0,-29539500.0,1267.743,-29107500.0,-29720833.0,-29720833.0,-29400833.0,-29747500.0
7.0,5.0,140.0,-29539500.0,1267.743,-29107500.0,-29720833.0,-29720833.0,-29400833.0,-29747500.0
7.0,5.0,160.0,-29539500.0,1267.743,-29107500.0,-29720833.0,-29720833.0,-29400833.0,-29747500.0
7.0,5.0,180.0,-29539500.0,1267.743,-29107500.0,-29720833.0,-29720833.0,-29400833.0,-29747500.0
7.0,5.0,200.0,-29539500.0,1267.743,-29107500.0,-29720833.0,-29720833.0,-29400833.0,-29747500.0
7.0,5.0,220.0,-29539500.0,1267.743,-29107500.0,-29720833.0,-29720833.0,-29400833.0,-29747500.0
7.0,5.0,240.0,-29539500.0,1267.743,-29107500.0,-29720833.0,-29720833.0,-29400833.0,-29747500.0
7.0,5.0,260.0,-29539500.0,1267.743,-29107500.0,-29720833.0,-29720833.0,-29400833.0,-29747500.0
7.0,15.0,20.0,-29539500.0,1239.062,-29107500.0,-29720833.0,-29720833.0,-29400833.0,-29747500.0
7.0,15.0,40.0,-29539500.0,1239.062,-29107500.0,-29720833.0,-29720833.0,-29400833.0,-29747500.0
7.0,15.0,60.0,-29539500.0,1239.062,-29107500.0,-29720833.0,-29720833.0,-29400833.0,-29747500.0
7.0,15.0,80.0,-29539500.0,1239.062,-29107500.0,-29720833.0,-29720833.0,-29400833.0,-29747500.0
7.0,15.0,100.0,-29539500.0,1239.062,-29107500.0,-29720833.0,-29720833.0,-29400833.0,-29747500.0
7.0,15.0,120.0,-29539500.0,1239.062,-29107500.0,-29720833.0,-29720833.0,-29400833.0,-29747500.0
7.0,15.0,140.0,-29539500.0,1239.062,-29107500.0,-29720833.0,-29720833.0,-29400833.0,-29747500.0
7.0,15.0,160.0,-29539500.0,1239.062,-29107500.0,-29720833.0,-29720833.0,-29400833.0,-29747500.0
7.0,15.0,180.0,-29539500.0,1239.062,-29107500.0,-29720833.0,-29720833.0,-29400833.0,-29747500.0
7.0,15.0,200.0,-29539500.0,1239.062,-29107500.0,-29720833.0,-29720833.0,-29400833.0,-29747500.0
7.0,15.0,220.0,-29539500.0,1239.062,-29107500.0,-29720833.0,-29720833.0,-29400833.0,-29747500.0
7.0,15.0,240.0,-29539500.0,1239.062,-29107500.0,-29720833.0,-29720833.0,-29400833.0,-29747500.0
7.0,15.0,260.0,-29539500.0,1239.062,-29107500.0,-29720833.0,-29720833.0,-29400833.0,-29747500.0
11.0,4.0,20.0,-29539500.0,1974.448,-29107500.0,-29720833.0,-29720833.0,-29400833.0,-29747500.0
11.0,4.0,40.0,-29539500.0,1974.448,-29107500.0,-29720833.0,-29720833.0,-29400833.0,-29747500.0
11.0,4.0,60.0,-29539500.0,1974.448,-29107500.0,-29720833.0,-29720833.0,-29400833.0,-29747500.0
11.0,4.0,80.0,-29539500.0,1974.448,-29107500.0,-29720833.0,-29720833.0,-29400833.0,-29747500.0
11.0,4.0,100.0,-29539500.0,1974.448,-29107500.0,-29720833.0,-29720833.0,-29400833.0,-29747500.0
11.0,4.0,120.0,-29539500.0,1974.448,-29107500.0,-29720833.0,-29720833.0,-29400833.0,-29747500.0
11.0,4.0,140.0,-29539500.0,1974.448,-29107500.0,-29720833.0,-29720833.0,-29400833.0,-29747500.0
11.0,4.0,160.0,-29539500.0,1974.448,-29107500.0,-29720833.0,-29720833.0,-29400833.0,-29747500.0
11.0,4.0,180.0,-29539500.0,1974.448,-29107500.0,-29720833.0,-29720833.0,-29400833.0,-29747500.0
11.0,4.0,200.0,-29539500.0,1974.448,-29107500.0,-29720833.0,-29720833.0,-29400833.0,-29747500.0
11.0,4.0,220.0,-29539500.0,1974.448,-29107500.0,-29720833.0,-29720833.0,-29400833.0,-29747500.0
11.0,4.0,240.0,-29539500.0,1974.448,-29107500.0,-29720833.0,-29720833.0,-29400833.0,-29747500.0
11.0,4.0,260.0,-29539500.0,1974.448,-29107500.0,-29720833.0,-29720833.0,-29400833.0,-29747500.0
11.0,5.0,20.0,-29539500.0,2106.634,-29107500.0,-29720833.0,-29720833.0,-29400833.0,-29747500.0
11.0,5.0,40.0,-29539500.0,2106.634,-29107500.0,-29720833.0,-29720833.0,-29400833.0,-29747500.0
11.0,5.0,60.0,-29539500.0,2106.634,-29107500.0,-29720833.0,-29720833.0,-29400833.0,-29747500.0
11.0,5.0,80.0,-29539500.0,2106.634,-29107500.0,-29720833.0,-29720833.0,-29400833.0,-29747500.0
11.0,5.0,100.0,-29539500.0,2106.634,-29107500.0,-29720833.0,-29720833.0,-29400833.0,-29747500.0
11.0,5.0,120.0,-29539500.0,2106.634,-29107500.0,-29720833.0,-29720833.0,-29400833.0,-29747500.0
11.0,5.0,140.0,-29539500.0,2106.634,-29107500.0,-29720833.0,-29720833.0,-29400833.0,-29747500.0
11.0,5.0,160.0,-29539500.0,2106.634,-29107500.0,-29720833.0,-29720833.0,-29400833.0,-29747500.0
11.0,5.0,180.0,-29539500.0,2106.634,-29107500.0,-29720833.0,-29720833.0,-29400833.0,-29747500.0
11.0,5.0,200.0,-29539500.0,2106.634,-29107500.0,-29720833.0,-29720833.0,-29400833.0,-29747500.0
11.0,5.0,220.0,-29539500.0,2106.634,-29107500.0,-29720833.0,-29720833.0,-29400833.0,-29747500.0
11.0,5.0,240.0,-29539500.0,2106.634,-29107500.0,-29720833.0,-29720833.0,-29400833.0,-29747500.0
11.0,5.0,260.0,-29539500.0,2106.634,-29107500.0,-29720833.0,-29720833.0,-29400833.0,-29747500.0
11.0,15.0,20.0,-29539500.0,2019.006,-29107500.0,-29720833.0,-29720833.0,-29400833.0,-29747500.0
11.0,15.0,40.0,-29539500.0,2019.006,-29107500.0,-29720833.0,-29720833.0,-29400833.0,-29747500.0
11.0,15.0,60.0,-29539500.0,2019.006,-29107500.0,-29720833.0,-29720833.0,-29400833.0,-29747500.0
11.0,15.0,80.0,-29539500.0,2019.006,-29107500.0,-29720833.0,-29720833.0,-29400833.0,-29747500.0
11.0,15.0,100.0,-29539500.0,2019.006,-29107500.0,-29720833.0,-29720833.0,-29400833.0,-29747500.0
11.0,15.0,120.0,-29539500.0,2019.006,-29107500.0,-29720833.0,-29720833.0,-29400833.0,-29747500.0
11.0,15.0,140.0,-29539500.0,2019.006,-29107500.0,-29720833.0,-29720833.0,-29400833.0,-29747500.0
11.0,15.0,160.0,-29539500.0,2019.006,-29107500.0,-29720833.0,-29720833.0,-29400833.0,-29747500.0
11.0,15.0,180.0,-29539500.0,2019.006,-29107500.0,-29720833.0,-29720833.0,-29400833.0,-29747500.0
11.0,15.0,200.0,-29539500.0,2019.006,-29107500.0,-29720833.0,-29720833.0,-29400833.0,-29747500.0
11.0,15.0,220.0,-29539500.0,2019.006,-29107500.0,-29720833.0,-29720833.0,-29400833.0,-29747500.0
11.0,15.0,240.0,-29539500.0,2019.006,-29107500.0,-29720833.0,-29720833.0,-29400833.0,-29747500.0
11.0,15.0,260.0,-29539500.0,2019.006,-29107500.0,-29720833.0,-29720833.0,-29400833.0,-29747500.0
12.0,4.0,20.0,-29539500.0,2270.096,-29107500.0,-29720833.0,-29720833.0,-29400833.0,-29747500.0
12.0,4.0,40.0,-29539500.0,2270.096,-29107500.0,-29720833.0,-29720833.0,-29400833.0,-29747500.0
12.0,4.0,60.0,-29539500.0,2270.096,-29107500.0,-29720833.0,-29720833.0,-29400833.0,-29747500.0
12.0,4.0,80.0,-29539500.0,2270.096,-29107500.0,-29720833.0,-29720833.0,-29400833.0,-29747500.0
12.0,4.0,100.0,-29539500.0,2270.096,-29107500.0,-29720833.0,-29720833.0,-29400833.0,-29747500.0
12.0,4.0,120.0,-29539500.0,2270.096,-29107500.0,-29720833.0,-29720833.0,-29400833.0,-29747500.0
12.0,4.0,140.0,-29539500.0,2270.096,-29107500.0,-29720833.0,-29720833.0,-29400833.0,-29747500.0
12.0,4.0,160.0,-29539500.0,2270.096,-29107500.0,-29720833.0,-29720833.0,-29400833.0,-29747500.0
12.0,4.0,180.0,-29539500.0,2270.096,-29107500.0,-29720833.0,-29720833.0,-29400833.0,-29747500.0
12.0,4.0,200.0,-29539500.0,2270.096,-29107500.0,-29720833.0,-29720833.0,-29400833.0,-29747500.0
12.0,4.0,220.0,-29539500.0,2270.096,-29107500.0,-29720833.0,-29720833.0,-29400833.0,-29747500.0
12.0,4.0,240.0,-29539500.0,2270.096,-29107500.0,-29720833.0,-29720833.0,-29400833.0,-29747500.0
12.0,4.0,260.0,-29539500.0,2270.096,-29107500.0,-29720833.0,-29720833.0,-29400833.0,-29747500.0
12.0,5.0,20.0,-29539500.0,2269.654,-29107500.0,-29720833.0,-29720833.0,-29400833.0,-29747500.0
12.0,5.0,40.0,-29539500.0,2269.654,-29107500.0,-29720833.0,-29720833.0,-29400833.0,-29747500.0
12.0,5.0,60.0,-29539500.0,2269.654,-29107500.0,-29720833.0,-29720833.0,-29400833.0,-29747500.0
12.0,5.0,80.0,-29539500.0,2269.654,-29107500.0,-29720833.0,-29720833.0,-29400833.0,-29747500.0
12.0,5.0,100.0,-29539500.0,2269.654,-29107500.0,-29720833.0,-29720833.0,-29400833.0,-29747500.0
12.0,5.0,120.0,-29539500.0,2269.654,-29107500.0,-29720833.0,-29720833.0,-29400833.0,-29747500.0
12.0,5.0,140.0,-29539500.0,2269.654,-29107500.0,-29720833.0,-29720833.0,-29400833.0,-29747500.0
12.0,5.0,160.0,-29539500.0,2269.654,-29107500.0,-29720833.0,-29720833.0,-29400833.0,-29747500.0
12.0,5.0,180.0,-29539500.0,2269.654,-29107500.0,-29720833.0,-29720833.0,-29400833.0,-29747500.0
12.0,5.0,200.0,-29539500.0,2269.654,-29107500.0,-29720833.0,-29720833.0,-29400833.0,-29747500.0
12.0,5.0,220.0,-29539500.0,2269.654,-29107500.0,-29720833.0,-29720833.0,-29400833.0,-29747500.0
12.0,5.0,240.0,-29539500.0,2269.654,-29107500.0,-29720833.0,-29720833.0,-29400833.0,-29747500.0
12.0,5.0,260.0,-29539500.0,2269.654,-29107500.0,-29720833.0,-29720833.0,-29400833.0,-29747500.0
12.0,15.0,20.0,-29539500.0,2140.703,-29107500.0,-29720833.0,-29720833.0,-29400833.0,-29747500.0
12.0,15.0,40.0,-29539500.0,2140.703,-29107500.0,-29720833.0,-29720833.0,-29400833.0,-29747500.0
12.0,15.0,60.0,-29539500.0,2140.703,-29107500.0,-29720833.0,-29720833.0,-29400833.0,-29747500.0
12.0,15.0,80.0,-29539500.0,2140.703,-29107500.0,-29720833.0,-29720833.0,-29400833.0,-29747500.0
12.0,15.0,100.0,-29539500.0,2140.703,-29107500.0,-29720833.0,-29720833.0,-29400833.0,-29747500.0
12.0,15.0,120.0,-29539500.0,2140.703,-29107500.0,-29720833.0,-29720833.0,-29400833.0,-29747500.0
12.0,15.0,140.0,-29539500.0,2140.703,-29107500.0,-29720833.0,-29720833.0,-29400833.0,-29747500.0
12.0,15.0,160.0,-29539500.0,2140.703,-29107500.0,-29720833.0,-29720833.0,-29400833.0,-29747500.0
12.0,15.0,180.0,-29539500.0,2140.703,-29107500.0,-29720833.0,-29720833.0,-29400833.0,-29747500.0
12.0,15.0,200.0,-29539500.0,2140.703,-29107500.0,-29720833.0,-29720833.0,-29400833.0,-29747500.0
12.0,15.0,220.0,-29539500.0,2140.703,-29107500.0,-29720833.0,-29720833.0,-29400833.0,-29747500.0
12.0,15.0,240.0,-29539500.0,2140.703,-29107500.0,-29720833.0,-29720833.0,-29400833.0,-29747500.0
12.0,15.0,260.0,-29539500.0,2140.703,-29107500.0,-29720833.0,-29720833.0,-29400833.0,-29747500.0
13.0,13.0,20.0,-29539500.0,2293.519,-29107500.0,-29720833.0,-29720833.0,-29400833.0,-29747500.0
13.0,13.0,40.0,-29539500.0,2293.519,-29107500.0,-29720833.0,-29720833.0,-29400833.0,-29747500.0
13.0,13.0,60.0,-29539500.0,2293.519,-29107500.0,-29720833.0,-29720833.0,-29400833.0,-29747500.0
13.0,13.0,80.0,-29539500.0,2293.519,-29107500.0,-29720833.0,-29720833.0,-29400833.0,-29747500.0
13.0,13.0,100.0,-29539500.0,2293.519,-29107500.0,-29720833.0,-29720833.0,-29400833.0,-29747500.0
13.0,13.0,120.0,-29539500.0,2293.519,-29107500.0,-29720833.0,-29720833.0,-29400833.0,-29747500.0
13.0,13.0,140.0,-29539500.0,2293.519,-29107500.0,-29720833.0,-29720833.0,-29400833.0,-29747500.0
13.0,13.0,160.0,-29539500.0,2293.519,-29107500.0,-29720833.0,-29720833.0,-29400833.0,-29747500.0
13.0,13.0,180.0,-29539500.0,2293.519,-29107500.0,-29720833.0,-29720833.0,-29400833.0,-29747500.0
13.0,13.0,200.0,-29539500.0,2293.519,-29107500.0,-29720833.0,-29720833.0,-29400833.0,-29747500.0
13.0,13.0,220.0,-29539500.0,2293.519,-29107500.0,-29720833.0,-29720833.0,-29400833.0,-29747500.0
13.0,13.0,240.0,-29539500.0,2293.519,-29107500.0,-29720833.0,-29720833.0,-29400833.0,-29747500.0
13.0,13.0,260.0,-29539500.0,2293.519,-29107500.0,-29720833.0,-29720833.0,-29400833.0,-29747500.0
13.0,15.0,20.0,-29539500.0,2189.896,-29107500.0,-29720833.0,-29720833.0,-29400833.0,-29747500.0
13.0,15.0,40.0,-29539500.0,2189.896,-29107500.0,-29720833.0,-29720833.0,-29400833.0,-29747500.0
13.0,15.0,60.0,-29539500.0,2189.896,-29107500.0,-29720833.0,-29720833.0,-29400833.0,-29747500.0
13.0,15.0,80.0,-29539500.0,2189.896,-29107500.0,-29720833.0,-29720833.0,-29400833.0,-29747500.0
13.0,15.0,100.0,-29539500.0,2189.896,-29107500.0,-29720833.0,-29720833.0,-29400833.0,-29747500.0
13.0,15.0,120.0,-29539500.0,2189.896,-29107500.0,-29720833.0,-29720833.0,-29400833.0,-29747500.0
13.0,15.0,140.0,-29539500.0,2189.896,-29107500.0,-29720833.0,-29720833.0,-29400833.0,-29747500.0
13.0,15.0,160.0,-29539500.0,2189.896,-29107500.0,-29720833.0,-29720833.0,-29400833.0,-29747500.0
13.0,15.0,180.0,-29539500.0,2189.896,-29107500.0,-29720833.0,-29720833.0,-29400833.0,-29747500.0
13.0,15.0,200.0,-29539500.0,2189.896,-29107500.0,-29720833.0,-29720833.0,-29400833.0,-29747500.0
13.0,15.0,220.0,-29539500.0,2189.896,-29107500.0,-29720833.0,-29720833.0,-29400833.0,-29747500.0
13.0,15.0,240.0,-29539500.0,2189.896,-29107500.0,-29720833.0,-29720833.0,-29400833.0,-29747500.0
13.0,15.0,260.0,-29539500.0,2189.896,-29107500.0,-29720833.0,-29720833.0,-29400833.0,-29747500.0
13.0,17.0,20.0,-29539500.0,2127.092,-29107500.0,-29720833.0,-29720833.0,-29400833.0,-29747500.0
13.0,17.0,40.0,-29539500.0,2127.092,-29107500.0,-29720833.0,-29720833.0,-29400833.0,-29747500.0
13.0,17.0,60.0,-29539500.0,2127.092,-29107500.0,-29720833.0,-29720833.0,-29400833.0,-29747500.0
13.0,17.0,80.0,-29539500.0,2127.092,-29107500.0,-29720833.0,-29720833.0,-29400833.0,-29747500.0
13.0,17.0,100.0,-29539500.0,2127.092,-29107500.0,-29720833.0,-29720833.0,-29400833.0,-29747500.0
13.0,17.0,120.0,-29539500.0,2127.092,-29107500.0,-29720833.0,-29720833.0,-29400833.0,-29747500.0
13.0,17.0,140.0,-29539500.0,2127.092,-29107500.0,-29720833.0,-29720833.0,-29400833.0,-29747500.0
13.0,17.0,160.0,-29539500.0,2127.092,-29107500.0,-29720833.0,-29720833.0,-29400833.0,-29747500.0
13.0,17.0,180.0,-29539500.0,2127.092,-29107500.0,-29720833.0,-29720833.0,-29400833.0,-29747500.0
13.0,17.0,200.0,-29539500.0,2127.092,-29107500.0,-29720833.0,-29720833.0,-29400833.0,-29747500.0
13.0,17.0,220.0,-29539500.0,2127.092,-29107500.0,-29720833.0,-29720833.0,-29400833.0,-29747500.0
13.0,17.0,240.0,-29539500.0,2127.092,-29107500.0,-29720833.0,-29720833.0,-29400833.0,-29747500.0
13.0,17.0,260.0,-29539500.0,2127.092,-29107500.0,-29720833.0,-29720833.0,-29400833.0,-29747500.0
14.0,13.0,20.0,-29539500.0,2299.424,-29107500.0,-29720833.0,-29720833.0,-29400833.0,-29747500.0
14.0,13.0,40.0,-29539500.0,2299.424,-29107500.0,-29720833.0,-29720833.0,-29400833.0,-29747500.0
14.0,13.0,60.0,-29539500.0,2299.424,-29107500.0,-29720833.0,-29720833.0,-29400833.0,-29747500.0
14.0,13.0,80.0,-29539500.0,2299.424,-29107500.0,-29720833.0,-29720833.0,-29400833.0,-29747500.0
14.0,13.0,100.0,-29539500.0,2299.424,-29107500.0,-29720833.0,-29720833.0,-29400833.0,-29747500.0
14.0,13.0,120.0,-29539500.0,2299.424,-29107500.0,-29720833.0,-29720833.0,-29400833.0,-29747500.0
14.0,13.0,140.0,-29539500.0,2299.424,-29107500.0,-29720833.0,-29720833.0,-29400833.0,-29747500.0
14.0,13.0,160.0,-29539500.0,2299.424,-29107500.0,-29720833.0,-29720833.0,-29400833.0,-29747500.0
14.0,13.0,180.0,-29539500.0,2299.424,-29107500.0,-29720833.0,-29720833.0,-29400833.0,-29747500.0
14.0,13.0,200.0,-29539500.0,2299.424,-29107500.0,-29720833.0,-29720833.0,-29400833.0,-29747500.0
14.0,13.0,220.0,-29539500.0,2299.424,-29107500.0,-29720833.0,-29720833.0,-29400833.0,-29747500.0
14.0,13.0,240.0,-29539500.0,2299.424,-29107500.0,-29720833.0,-29720833.0,-29400833.0,-29747500.0
14.0,13.0,260.0,-29539500.0,2299.424,-29107500.0,-29720833.0,-29720833.0,-29400833.0,-29747500.0
14.0,15.0,20.0,-29539500.0,2275.871,-29107500.0,-29720833.0,-29720833.0,-29400833.0,-29747500.0
14.0,15.0,40.0,-29539500.0,2275.871,-29107500.0,-29720833.0,-29720833.0,-29400833.0,-29747500.0
14.0,15.0,60.0,-29539500.0,2275.871,-29107500.0,-29720833.0,-29720833.0,-29400833.0,-29747500.0
14.0,15.0,80.0,-29539500.0,2275.871,-29107500.0,-29720833.0,-29720833.0,-29400833.0,-29747500.0
14.0,15.0,100.0,-29539500.0,2275.871,-29107500.0,-29720833.0,-29720833.0,-29400833.0,-29747500.0
14.0,15.0,120.0,-29539500.0,2275.871,-29107500.0,-29720833.0,-29720833.0,-29400833.0,-29747500.0
14.0,15.0,140.0,-29539500.0,2275.871,-29107500.0,-29720833.0,-29720833.0,-29400833.0,-29747500.0
14.0,15.0,160.0,-29539500.0,2275.871,-29107500.0,-29720833.0,-29720833.0,-29400833.0,-29747500.0
14.0,15.0,180.0,-29539500.0,2275.871,-29107500.0,-29720833.0,-29720833.0,-29400833.0,-29747500.0
14.0,15.0,200.0,-29539500.0,2275.871,-29107500.0,-29720833.0,-29720833.0,-29400833.0,-29747500.0
14.0,15.0,220.0,-29539500.0,2275.871,-29107500.0,-29720833.0,-29720833.0,-29400833.0,-29747500.0
14.0,15.0,240.0,-29539500.0,2275.871,-29107500.0,-29720833.0,-29720833.0,-29400833.0,-29747500.0
14.0,15.0,260.0,-29539500.0,2275.871,-29107500.0,-29720833.0,-29720833.0,-29400833.0,-29747500.0
14.0,17.0,20.0,-29539500.0,2247.815,-29107500.0,-29720833.0,-29720833.0,-29400833.0,-29747500.0
14.0,17.0,40.0,-29539500.0,2247.815,-29107500.0,-29720833.0,-29720833.0,-29400833.0,-29747500.0
14.0,17.0,60.0,-29539500.0,2247.815,-29107500.0,-29720833.0,-29720833.0,-29400833.0,-29747500.0
14.0,17.0,80.0,-29539500.0,2247.815,-29107500.0,-29720833.0,-29720833.0,-29400833.0,-29747500.0
14.0,17.0,100.0,-29539500.0,2247.815,-29107500.0,-29720833.0,-29720833.0,-29400833.0,-29747500.0
14.0,17.0,120.0,-29539500.0,2247.815,-29107500.0,-29720833.0,-29720833.0,-29400833.0,-29747500.0
14.0,17.0,140.0,-29539500.0,2247.815,-29107500.0,-29720833.0,-29720833.0,-29400833.0,-29747500.0
14.0,17.0,160.0,-29539500.0,2247.815,-29107500.0,-29720833.0,-29720833.0,-29400833.0,-29747500.0
14.0,17.0,180.0,-29539500.0,2247.815,-29107500.0,-29720833.0,-29720833.0,-29400833.0,-29747500.0
14.0,17.0,200.0,-29539500.0,2247.815,-29107500.0,-29720833.0,-29720833.0,-29400833.0,-29747500.0
14.0,17.0,220.0,-29539500.0,2247.815,-29107500.0,-29720833.0,-29720833.0,-29400833.0,-29747500.0
14.0,17.0,240.0,-29539500.0,2247.815,-29107500.0,-29720833.0,-29720833.0,-29400833.0,-29747500.0
14.0,17.0,260.0,-29539500.0,2247.815,-29107500.0,-29720833.0,-29720833.0,-29400833.0,-29747500.0
14.0,19.0,20.0,-29539500.0,2220.609,-29107500.0,-29720833.0,-29720833.0,-29400833.0,-29747500.0
14.0,19.0,40.0,-29539500.0,2220.609,-29107500.0,-29720833.0,-29720833.0,-29400833.0,-29747500.0
14.0,19.0,60.0,-29539500.0,2220.609,-29107500.0,-29720833.0,-29720833.0,-29400833.0,-29747500.0
14.0,19.0,80.0,-29539500.0,2220.609,-29107500.0,-29720833.0,-29720833.0,-29400833.0,-29747500.0
14.0,19.0,100.0,-29539500.0,2220.609,-29107500.0,-29720833.0,-29720833.0,-29400833.0,-29747500.0
14.0,19.0,120.0,-29539500.0,2220.609,-29107500.0,-29720833.0,-29720833.0,-29400833.0,-29747500.0
14.0,19.0,140.0,-29539500.0,2220.609,-29107500.0,-29720833.0,-29720833.0,-29400833.0,-29747500.0
14.0,19.0,160.0,-29539500.0,2220.609,-29107500.0,-29720833.0,-29720833.0,-29400833.0,-29747500.0
14.0,19.0,180.0,-29539500.0,2220.609,-29107500.0,-29720833.0,-29720833.0,-29400833.0,-29747500.0
14.0,19.0,200.0,-29539500.0,2220.609,-29107500.0,-29720833.0,-29720833.0,-29400833.0,-29747500.0
14.0,19.0,220.0,-29539500.0,2220.609,-29107500.0,-29720833.0,-29720833.0,-29400833.0,-29747500.0
14.0,19.0,240.0,-29539500.0,2220.609,-29107500.0,-29720833.0,-29720833.0,-29400833.0,-29747500.0
14.0,19.0,260.0,-29539500.0,2220.609,-29107500.0,-29720833.0,-29720833.0,-29400833.0,-29747500.0
15.0,15.0,20.0,-29539500.0,2389.42,-29107500.0,-29720833.0,-29720833.0,-29400833.0,-29747500.0
15.0,15.0,40.0,-29539500.0,2389.42,-29107500.0,-29720833.0,-29720833.0,-29400833.0,-29747500.0
15.0,15.0,60.0,-29539500.0,2389.42,-29107500.0,-29720833.0,-29720833.0,-29400833.0,-29747500.0
15.0,15.0,80.0,-29539500.0,2389.42,-29107500.0,-29720833.0,-29720833.0,-29400833.0,-29747500.0
15.0,15.0,100.0,-29539500.0,2389.42,-29107500.0,-29720833.0,-29720833.0,-29400833.0,-29747500.0
15.0,15.0,120.0,-29539500.0,2389.42,-29107500.0,-29720833.0,-29720833.0,-29400833.0,-29747500.0
15.0,15.0,140.0,-29539500.0,2389.42,-29107500.0,-29720833.0,-29720833.0,-29400833.0,-29747500.0
15.0,15.0,160.0,-29539500.0,2389.42,-29107500.0,-29720833.0,-29720833.0,-29400833.0,-29747500.0
15.0,15.0,180.0,-29539500.0,2389.42,-29107500.0,-29720833.0,-29720833.0,-29400833.0,-29747500.0
15.0,15.0,200.0,-29539500.0,2389.42,-29107500.0,-29720833.0,-29720833.0,-29400833.0,-29747500.0
15.0,15.0,220.0,-29539500.0,2389.42,-29107500.0,-29720833.0,-29720833.0,-29400833.0,-29747500.0
15.0,15.0,240.0,-29539500.0,2389.42,-29107500.0,-29720833.0,-29720833.0,-29400833.0,-29747500.0
15.0,15.0,260.0,-29539500.0,2389.42,-29107500.0,-29720833.0,-29720833.0,-29400833.0,-29747500.0
15.0,17.0,20.0,-29539500.0,2516.316,-29107500.0,-29720833.0,-29720833.0,-29400833.0,-29747500.0
15.0,17.0,40.0,-29539500.0,2516.316,-29107500.0,-29720833.0,-29720833.0,-29400833.0,-29747500.0
15.0,17.0,60.0,-29539500.0,2516.316,-29107500.0,-29720833.0,-29720833.0,-29400833.0,-29747500.0
15.0,17.0,80.0,-29539500.0,2516.316,-29107500.0,-29720833.0,-29720833.0,-29400833.0,-29747500.0
15.0,17.0,100.0,-29539500.0,2516.316,-29107500.0,-29720833.0,-29720833.0,-29400833.0,-29747500.0
15.0,17.0,120.0,-29539500.0,2516.316,-29107500.0,-29720833.0,-29720833.0,-29400833.0,-29747500.0
15.0,17.0,140.0,-29539500.0,2516.316,-29107500.0,-29720833.0,-29720833.0,-29400833.0,-29747500.0
15.0,17.0,160.0,-29539500.0,2516.316,-29107500.0,-29720833.0,-29720833.0,-29400833.0,-29747500.0
15.0,17.0,180.0,-29539500.0,2516.316,-29107500.0,-29720833.0,-29720833.0,-29400833.0,-29747500.0
15.0,17.0,200.0,-29539500.0,2516.316,-29107500.0,-29720833.0,-29720833.0,-29400833.0,-29747500.0
15.0,17.0,220.0,-29539500.0,2516.316,-29107500.0,-29720833.0,-29720833.0,-29400833.0,-29747500.0
15.0,17.0,240.0,-29539500.0,2516.316,-29107500.0,-29720833.0,-29720833.0,-29400833.0,-29747500.0
15.0,17.0,260.0,-29539500.0,2516.316,-29107500.0,-29720833.0,-29720833.0,-29400833.0,-29747500.0
