vmax.depth	vmin.child.weight	vnround	ganancia.promedio	tiempo.promedio	ganancias	
7	4	20	-29539500	1274.439	-29107500	-29720833	-29720833	-29400833	-29747500	
7	4	40	-29539500	1274.439	-29107500	-29720833	-29720833	-29400833	-29747500	
7	4	60	-29539500	1274.439	-29107500	-29720833	-29720833	-29400833	-29747500	
7	4	80	-29539500	1274.439	-29107500	-29720833	-29720833	-29400833	-29747500	
7	4	100	-29539500	1274.439	-29107500	-29720833	-29720833	-29400833	-29747500	
7	4	120	-29539500	1274.439	-29107500	-29720833	-29720833	-29400833	-29747500	
7	4	140	-29539500	1274.439	-29107500	-29720833	-29720833	-29400833	-29747500	
7	4	160	-29539500	1274.439	-29107500	-29720833	-29720833	-29400833	-29747500	
7	4	180	-29539500	1274.439	-29107500	-29720833	-29720833	-29400833	-29747500	
7	4	200	-29539500	1274.439	-29107500	-29720833	-29720833	-29400833	-29747500	
7	4	220	-29539500	1274.439	-29107500	-29720833	-29720833	-29400833	-29747500	
7	4	240	-29539500	1274.439	-29107500	-29720833	-29720833	-29400833	-29747500	
7	4	260	-29539500	1274.439	-29107500	-29720833	-29720833	-29400833	-29747500	
7	4	280	-26472500	1274.439	-13772500	-29720833	-29720833	-29400833	-29747500	
7	4	300	-2367333	1274.439	-2089167	-2424167	-2862500	-1780000	-2680833	
7	4	320	275166.7	1274.439	444166.7	95833.33	288333.3	338333.3	209166.7	
7	4	340	1167500	1274.439	1566667	975000	1217500	843333.3	1235000	
7	4	360	1593833	1274.439	2087500	1326667	1634167	1320000	1600833	
7	4	380	1798000	1274.439	2345833	1617500	1665833	1495000	1865833	
7	4	400	1918000	1274.439	2516667	1693333	1816667	1646667	1916667	
7	4	420	1966167	1274.439	2560000	1673333	1927500	1768333	1901667	
7	4	440	2016167	1274.439	2485833	1757500	2009167	1815833	2012500	
7	4	460	2050333	1274.439	2585833	1790833	1915000	1898333	2061667	
7	4	480	2067000	1274.439	2648333	1746667	1880833	1996667	2062500	
7	4	500	2066000	1274.439	2648333	1780000	1793333	1951667	2156667	
7	4	520	2087667	1274.439	2740000	1786667	1794167	2026667	2090833	
7	4	540	2083500	1274.439	2786667	1767500	1818333	2055000	1990000	
7	4	560	2071500	1274.439	2762500	1780833	1759167	2052500	2002500	
7	4	580	2050333	1274.439	2768333	1775000	1801667	2012500	1894167	
7	4	600	2062500	1274.439	2824167	1809167	1772500	2025833	1880833	
7	4	620	2078500	1274.439	2795833	1825833	1845833	1953333	1971667	
7	4	640	2075833	1274.439	2837500	1835000	1856667	1933333	1916667	
7	4	660	2087833	1274.439	2846667	1828333	1863333	1950000	1950833	
7	4	680	2087833	1274.439	2846667	1828333	1863333	1950000	1950833	
7	4	700	2087833	1274.439	2846667	1828333	1863333	1950000	1950833	
7	4	720	2087833	1274.439	2846667	1828333	1863333	1950000	1950833	
7	4	740	2087833	1274.439	2846667	1828333	1863333	1950000	1950833	
7	4	760	2087833	1274.439	2846667	1828333	1863333	1950000	1950833	
7	4	780	2087833	1274.439	2846667	1828333	1863333	1950000	1950833	
7	4	800	2087833	1274.439	2846667	1828333	1863333	1950000	1950833	
7	4	820	2087833	1274.439	2846667	1828333	1863333	1950000	1950833	
7	4	840	2087833	1274.439	2846667	1828333	1863333	1950000	1950833	
7	4	860	2087833	1274.439	2846667	1828333	1863333	1950000	1950833	
7	4	880	2087833	1274.439	2846667	1828333	1863333	1950000	1950833	
7	4	900	2087833	1274.439	2846667	1828333	1863333	1950000	1950833	
7	4	920	2087833	1274.439	2846667	1828333	1863333	1950000	1950833	
7	4	940	2087833	1274.439	2846667	1828333	1863333	1950000	1950833	
7	4	960	2087833	1274.439	2846667	1828333	1863333	1950000	1950833	
7	4	980	2087833	1274.439	2846667	1828333	1863333	1950000	1950833	
7	4	1000	2087833	1274.439	2846667	1828333	1863333	1950000	1950833	
7	5	20	-29539500	1267.743	-29107500	-29720833	-29720833	-29400833	-29747500	
7	5	40	-29539500	1267.743	-29107500	-29720833	-29720833	-29400833	-29747500	
7	5	60	-29539500	1267.743	-29107500	-29720833	-29720833	-29400833	-29747500	
7	5	80	-29539500	1267.743	-29107500	-29720833	-29720833	-29400833	-29747500	
7	5	100	-29539500	1267.743	-29107500	-29720833	-29720833	-29400833	-29747500	
7	5	120	-29539500	1267.743	-29107500	-29720833	-29720833	-29400833	-29747500	
7	5	140	-29539500	1267.743	-29107500	-29720833	-29720833	-29400833	-29747500	
7	5	160	-29539500	1267.743	-29107500	-29720833	-29720833	-29400833	-29747500	
7	5	180	-29539500	1267.743	-29107500	-29720833	-29720833	-29400833	-29747500	
7	5	200	-29539500	1267.743	-29107500	-29720833	-29720833	-29400833	-29747500	
7	5	220	-29539500	1267.743	-29107500	-29720833	-29720833	-29400833	-29747500	
7	5	240	-29539500	1267.743	-29107500	-29720833	-29720833	-29400833	-29747500	
7	5	260	-29539500	1267.743	-29107500	-29720833	-29720833	-29400833	-29747500	
7	5	280	-26481333	1267.743	-13816667	-29720833	-29720833	-29400833	-29747500	
7	5	300	-2439667	1267.743	-2170000	-2463333	-2907500	-1850000	-2807500	
7	5	320	260833.3	1267.743	409166.7	89166.67	207500	399166.7	199166.7	
7	5	340	1149833	1267.743	1473333	1014167	1221667	935000	1105000	
7	5	360	1612500	1267.743	2126667	1359167	1659167	1290000	1627500	
7	5	380	1832167	1267.743	2425833	1585000	1795000	1499167	1855833	
7	5	400	1946833	1267.743	2583333	1715833	1895000	1601667	1938333	
7	5	420	2044167	1267.743	2742500	1718333	1997500	1849167	1913333	
7	5	440	2086833	1267.743	2598333	1895833	1975000	1931667	2033333	
7	5	460	2129500	1267.743	2754167	1928333	1999167	1893333	2072500	
7	5	480	2117167	1267.743	2728333	1825833	2015833	1961667	2054167	
7	5	500	2134667	1267.743	2790833	1831667	1974167	1966667	2110000	
7	5	520	2128500	1267.743	2782500	1795833	1921667	2059167	2083333	
7	5	540	2121000	1267.743	2779167	1768333	1863333	2079167	2115000	
7	5	560	2127333	1267.743	2824167	1765000	1836667	2122500	2088333	
7	5	580	2122167	1267.743	2815000	1755000	1869167	2109167	2062500	
7	5	600	2131833	1267.743	2785000	1804167	1874167	2098333	2097500	
7	5	620	2144167	1267.743	2828333	1855833	1861667	2074167	2100833	
7	5	640	2173333	1267.743	2876667	1824167	1906667	2139167	2120000	
7	5	660	2147833	1267.743	2855000	1750000	1891667	2115833	2126667	
7	5	680	2147833	1267.743	2855000	1750000	1891667	2115833	2126667	
7	5	700	2147833	1267.743	2855000	1750000	1891667	2115833	2126667	
7	5	720	2147833	1267.743	2855000	1750000	1891667	2115833	2126667	
7	5	740	2147833	1267.743	2855000	1750000	1891667	2115833	2126667	
7	5	760	2147833	1267.743	2855000	1750000	1891667	2115833	2126667	
7	5	780	2147833	1267.743	2855000	1750000	1891667	2115833	2126667	
7	5	800	2147833	1267.743	2855000	1750000	1891667	2115833	2126667	
7	5	820	2147833	1267.743	2855000	1750000	1891667	2115833	2126667	
7	5	840	2147833	1267.743	2855000	1750000	1891667	2115833	2126667	
7	5	860	2147833	1267.743	2855000	1750000	1891667	2115833	2126667	
7	5	880	2147833	1267.743	2855000	1750000	1891667	2115833	2126667	
7	5	900	2147833	1267.743	2855000	1750000	1891667	2115833	2126667	
7	5	920	2147833	1267.743	2855000	1750000	1891667	2115833	2126667	
7	5	940	2147833	1267.743	2855000	1750000	1891667	2115833	2126667	
7	5	960	2147833	1267.743	2855000	1750000	1891667	2115833	2126667	
7	5	980	2147833	1267.743	2855000	1750000	1891667	2115833	2126667	
7	5	1000	2147833	1267.743	2855000	1750000	1891667	2115833	2126667	
7	15	20	-29539500	1239.062	-29107500	-29720833	-29720833	-29400833	-29747500	
7	15	40	-29539500	1239.062	-29107500	-29720833	-29720833	-29400833	-29747500	
7	15	60	-29539500	1239.062	-29107500	-29720833	-29720833	-29400833	-29747500	
7	15	80	-29539500	1239.062	-29107500	-29720833	-29720833	-29400833	-29747500	
7	15	100	-29539500	1239.062	-29107500	-29720833	-29720833	-29400833	-29747500	
7	15	120	-29539500	1239.062	-29107500	-29720833	-29720833	-29400833	-29747500	
7	15	140	-29539500	1239.062	-29107500	-29720833	-29720833	-29400833	-29747500	
7	15	160	-29539500	1239.062	-29107500	-29720833	-29720833	-29400833	-29747500	
7	15	180	-29539500	1239.062	-29107500	-29720833	-29720833	-29400833	-29747500	
7	15	200	-29539500	1239.062	-29107500	-29720833	-29720833	-29400833	-29747500	
7	15	220	-29539500	1239.062	-29107500	-29720833	-29720833	-29400833	-29747500	
7	15	240	-29539500	1239.062	-29107500	-29720833	-29720833	-29400833	-29747500	
7	15	260	-29539500	1239.062	-29107500	-29720833	-29720833	-29400833	-29747500	
7	15	280	-20042500	1239.062	-14846667	-29720833	-21330000	-17073333	-17241667	
7	15	300	-2617500	1239.062	-2254167	-2719167	-2863333	-2399167	-2851667	
7	15	320	18666.67	1239.062	167500	-84166.67	-166666.7	187500	-10833.33	
7	15	340	1112667	1239.062	1419167	972500	1075000	946666.7	1150000	
7	15	360	1631500	1239.062	1987500	1489167	1646667	1361667	1672500	
7	15	380	1877333	1239.062	2375000	1808333	1766667	1580833	1855833	
7	15	400	1982333	1239.062	2452500	1890833	1866667	1750833	1950833	
7	15	420	2065000	1239.062	2523333	1840833	2012500	1899167	2049167	
7	15	440	2137000	1239.062	2595833	1944167	2052500	1987500	2105000	
7	15	460	2082333	1239.062	2533333	1851667	1978333	2008333	2040000	
7	15	480	2105667	1239.062	2570000	1880000	1977500	2039167	2061667	
7	15	500	2086500	1239.062	2505833	1874167	1940833	2027500	2084167	
7	15	520	2078333	1239.062	2606667	1761667	1899167	2101667	2022500	
7	15	540	2072333	1239.062	2607500	1775000	1853333	2095833	2030000	
7	15	560	2084167	1239.062	2599167	1775000	1897500	2085833	2063333	
7	15	580	2081167	1239.062	2638333	1715000	1895833	2064167	2092500	
7	15	600	2092667	1239.062	2642500	1705000	1920000	2103333	2092500	
7	15	620	2095333	1239.062	2590833	1789167	1957500	2095000	2044167	
7	15	640	2089000	1239.062	2630000	1771667	1959167	2066667	2017500	
7	15	660	2097333	1239.062	2633333	1781667	1962500	2094167	2015000	
7	15	680	2097333	1239.062	2633333	1781667	1962500	2094167	2015000	
7	15	700	2097333	1239.062	2633333	1781667	1962500	2094167	2015000	
7	15	720	2097333	1239.062	2633333	1781667	1962500	2094167	2015000	
7	15	740	2097333	1239.062	2633333	1781667	1962500	2094167	2015000	
7	15	760	2097333	1239.062	2633333	1781667	1962500	2094167	2015000	
7	15	780	2097333	1239.062	2633333	1781667	1962500	2094167	2015000	
7	15	800	2097333	1239.062	2633333	1781667	1962500	2094167	2015000	
7	15	820	2097333	1239.062	2633333	1781667	1962500	2094167	2015000	
7	15	840	2097333	1239.062	2633333	1781667	1962500	2094167	2015000	
7	15	860	2097333	1239.062	2633333	1781667	1962500	2094167	2015000	
7	15	880	2097333	1239.062	2633333	1781667	1962500	2094167	2015000	
7	15	900	2097333	1239.062	2633333	1781667	1962500	2094167	2015000	
7	15	920	2097333	1239.062	2633333	1781667	1962500	2094167	2015000	
7	15	940	2097333	1239.062	2633333	1781667	1962500	2094167	2015000	
7	15	960	2097333	1239.062	2633333	1781667	1962500	2094167	2015000	
7	15	980	2097333	1239.062	2633333	1781667	1962500	2094167	2015000	
7	15	1000	2097333	1239.062	2633333	1781667	1962500	2094167	2015000	
11	4	20	-29539500	1974.448	-29107500	-29720833	-29720833	-29400833	-29747500	
11	4	40	-29539500	1974.448	-29107500	-29720833	-29720833	-29400833	-29747500	
11	4	60	-29539500	1974.448	-29107500	-29720833	-29720833	-29400833	-29747500	
11	4	80	-29539500	1974.448	-29107500	-29720833	-29720833	-29400833	-29747500	
11	4	100	-29539500	1974.448	-29107500	-29720833	-29720833	-29400833	-29747500	
11	4	120	-29539500	1974.448	-29107500	-29720833	-29720833	-29400833	-29747500	
11	4	140	-29539500	1974.448	-29107500	-29720833	-29720833	-29400833	-29747500	
11	4	160	-29539500	1974.448	-29107500	-29720833	-29720833	-29400833	-29747500	
11	4	180	-29539500	1974.448	-29107500	-29720833	-29720833	-29400833	-29747500	
11	4	200	-29539500	1974.448	-29107500	-29720833	-29720833	-29400833	-29747500	
11	4	220	-29539500	1974.448	-29107500	-29720833	-29720833	-29400833	-29747500	
11	4	240	-29539500	1974.448	-29107500	-29720833	-29720833	-29400833	-29747500	
11	4	260	-29539500	1974.448	-29107500	-29720833	-29720833	-29400833	-29747500	
11	4	280	-15636500	1974.448	-12308333	-17957500	-19041667	-14564167	-14310833	
11	4	300	-1247833	1974.448	-847500	-1195833	-1551667	-1068333	-1575833	
11	4	320	783500	1974.448	1035000	520833.3	785000	906666.7	670000	
11	4	340	1391167	1974.448	1802500	1089167	1585000	1157500	1321667	
11	4	360	1732000	1974.448	2095833	1480000	2040833	1501667	1541667	
11	4	380	1890500	1974.448	2375000	1670833	2075833	1580833	1750000	
11	4	400	2009667	1974.448	2523333	1707500	2095000	1677500	2045000	
11	4	420	2045833	1974.448	2505000	1805000	2142500	1730833	2045833	
11	4	440	2045500	1974.448	2487500	1805000	2027500	1807500	2100000	
11	4	460	2076000	1974.448	2590000	1832500	1917500	1940000	2100000	
11	4	480	2074000	1974.448	2516667	1840833	1920833	1966667	2125000	
11	4	500	2060500	1974.448	2467500	1932500	1922500	1902500	2077500	
11	4	520	2053667	1974.448	2439167	1901667	1970833	1919167	2037500	
11	4	540	2060333	1974.448	2394167	1920833	1954167	1993333	2039167	
11	4	560	2061333	1974.448	2405000	1933333	2005833	2014167	1948333	
11	4	580	2038000	1974.448	2275000	1955000	1993333	2009167	1957500	
11	4	600	2032500	1974.448	2282500	1985000	2005833	1909167	1980000	
11	4	620	2025333	1974.448	2305833	1995000	1975000	1922500	1928333	
11	4	640	2023167	1974.448	2299167	2022500	1889167	1948333	1956667	
11	4	660	2013333	1974.448	2259167	2063333	1896667	1957500	1890000	
11	4	680	2013333	1974.448	2259167	2063333	1896667	1957500	1890000	
11	4	700	2013333	1974.448	2259167	2063333	1896667	1957500	1890000	
11	4	720	2013333	1974.448	2259167	2063333	1896667	1957500	1890000	
11	4	740	2013333	1974.448	2259167	2063333	1896667	1957500	1890000	
11	4	760	2013333	1974.448	2259167	2063333	1896667	1957500	1890000	
11	4	780	2013333	1974.448	2259167	2063333	1896667	1957500	1890000	
11	4	800	2013333	1974.448	2259167	2063333	1896667	1957500	1890000	
11	4	820	2013333	1974.448	2259167	2063333	1896667	1957500	1890000	
11	4	840	2013333	1974.448	2259167	2063333	1896667	1957500	1890000	
11	4	860	2013333	1974.448	2259167	2063333	1896667	1957500	1890000	
11	4	880	2013333	1974.448	2259167	2063333	1896667	1957500	1890000	
11	4	900	2013333	1974.448	2259167	2063333	1896667	1957500	1890000	
11	4	920	2013333	1974.448	2259167	2063333	1896667	1957500	1890000	
11	4	940	2013333	1974.448	2259167	2063333	1896667	1957500	1890000	
11	4	960	2013333	1974.448	2259167	2063333	1896667	1957500	1890000	
11	4	980	2013333	1974.448	2259167	2063333	1896667	1957500	1890000	
11	4	1000	2013333	1974.448	2259167	2063333	1896667	1957500	1890000	
11	5	20	-29539500	2106.634	-29107500	-29720833	-29720833	-29400833	-29747500	
11	5	40	-29539500	2106.634	-29107500	-29720833	-29720833	-29400833	-29747500	
11	5	60	-29539500	2106.634	-29107500	-29720833	-29720833	-29400833	-29747500	
11	5	80	-29539500	2106.634	-29107500	-29720833	-29720833	-29400833	-29747500	
11	5	100	-29539500	2106.634	-29107500	-29720833	-29720833	-29400833	-29747500	
11	5	120	-29539500	2106.634	-29107500	-29720833	-29720833	-29400833	-29747500	
11	5	140	-29539500	2106.634	-29107500	-29720833	-29720833	-29400833	-29747500	
11	5	160	-29539500	2106.634	-29107500	-29720833	-29720833	-29400833	-29747500	
11	5	180	-29539500	2106.634	-29107500	-29720833	-29720833	-29400833	-29747500	
11	5	200	-29539500	2106.634	-29107500	-29720833	-29720833	-29400833	-29747500	
11	5	220	-29539500	2106.634	-29107500	-29720833	-29720833	-29400833	-29747500	
11	5	240	-29539500	2106.634	-29107500	-29720833	-29720833	-29400833	-29747500	
11	5	260	-29539500	2106.634	-29107500	-29720833	-29720833	-29400833	-29747500	
11	5	280	-15581333	2106.634	-12840000	-17470833	-18380833	-14419167	-14795833	
11	5	300	-1407333	2106.634	-1075000	-1479167	-1653333	-1197500	-1631667	
11	5	320	684833.3	2106.634	1033333	363333.3	672500	755000	6e+05	
11	5	340	1326167	2106.634	1773333	1085833	1430833	1041667	1299167	
11	5	360	1747333	2106.634	2184167	1543333	1917500	1434167	1657500	
11	5	380	1947000	2106.634	2326667	1735833	2130833	1702500	1839167	
11	5	400	2059167	2106.634	2576667	1755833	2209167	1735000	2019167	
11	5	420	2087500	2106.634	2543333	1870000	2210000	1821667	1992500	
11	5	440	2131833	2106.634	2641667	1923333	2160000	1896667	2037500	
11	5	460	2129500	2106.634	2655833	1880000	2071667	1965833	2074167	
11	5	480	2139833	2106.634	2691667	1900000	1997500	2013333	2096667	
11	5	500	2121667	2106.634	2685000	1905833	1947500	1955833	2114167	
11	5	520	2084833	2106.634	2547500	1920833	2006667	1916667	2032500	
11	5	540	2107000	2106.634	2554167	1961667	2013333	1971667	2034167	
11	5	560	2098667	2106.634	2525833	1989167	1969167	1991667	2017500	
11	5	580	2086667	2106.634	2485000	1942500	1983333	2017500	2005000	
11	5	600	2093500	2106.634	2471667	1976667	1970833	2027500	2020833	
11	5	620	2103333	2106.634	2489167	2007500	1965000	2057500	1997500	
11	5	640	2101667	2106.634	2430833	2002500	1990833	2063333	2020833	
11	5	660	2104167	2106.634	2436667	1985000	1997500	2073333	2028333	
11	5	680	2104167	2106.634	2436667	1985000	1997500	2073333	2028333	
11	5	700	2104167	2106.634	2436667	1985000	1997500	2073333	2028333	
11	5	720	2104167	2106.634	2436667	1985000	1997500	2073333	2028333	
11	5	740	2104167	2106.634	2436667	1985000	1997500	2073333	2028333	
11	5	760	2104167	2106.634	2436667	1985000	1997500	2073333	2028333	
11	5	780	2104167	2106.634	2436667	1985000	1997500	2073333	2028333	
11	5	800	2104167	2106.634	2436667	1985000	1997500	2073333	2028333	
11	5	820	2104167	2106.634	2436667	1985000	1997500	2073333	2028333	
11	5	840	2104167	2106.634	2436667	1985000	1997500	2073333	2028333	
11	5	860	2104167	2106.634	2436667	1985000	1997500	2073333	2028333	
11	5	880	2104167	2106.634	2436667	1985000	1997500	2073333	2028333	
11	5	900	2104167	2106.634	2436667	1985000	1997500	2073333	2028333	
11	5	920	2104167	2106.634	2436667	1985000	1997500	2073333	2028333	
11	5	940	2104167	2106.634	2436667	1985000	1997500	2073333	2028333	
11	5	960	2104167	2106.634	2436667	1985000	1997500	2073333	2028333	
11	5	980	2104167	2106.634	2436667	1985000	1997500	2073333	2028333	
11	5	1000	2104167	2106.634	2436667	1985000	1997500	2073333	2028333	
11	15	20	-29539500	2019.006	-29107500	-29720833	-29720833	-29400833	-29747500	
11	15	40	-29539500	2019.006	-29107500	-29720833	-29720833	-29400833	-29747500	
11	15	60	-29539500	2019.006	-29107500	-29720833	-29720833	-29400833	-29747500	
11	15	80	-29539500	2019.006	-29107500	-29720833	-29720833	-29400833	-29747500	
11	15	100	-29539500	2019.006	-29107500	-29720833	-29720833	-29400833	-29747500	
11	15	120	-29539500	2019.006	-29107500	-29720833	-29720833	-29400833	-29747500	
11	15	140	-29539500	2019.006	-29107500	-29720833	-29720833	-29400833	-29747500	
11	15	160	-29539500	2019.006	-29107500	-29720833	-29720833	-29400833	-29747500	
11	15	180	-29539500	2019.006	-29107500	-29720833	-29720833	-29400833	-29747500	
11	15	200	-29539500	2019.006	-29107500	-29720833	-29720833	-29400833	-29747500	
11	15	220	-29539500	2019.006	-29107500	-29720833	-29720833	-29400833	-29747500	
11	15	240	-29539500	2019.006	-29107500	-29720833	-29720833	-29400833	-29747500	
11	15	260	-29539500	2019.006	-29107500	-29720833	-29720833	-29400833	-29747500	
11	15	280	-14359167	2019.006	-12947500	-15296667	-15785833	-14060833	-13705000	
11	15	300	-1895833	2019.006	-1601667	-1957500	-1970000	-1875833	-2074167	
11	15	320	395666.7	2019.006	737500	151666.7	170833.3	512500	405833.3	
11	15	340	1239833	2019.006	1566667	995833.3	1199167	1281667	1155833	
11	15	360	1721500	2019.006	2022500	1574167	1826667	1484167	1700000	
11	15	380	1951167	2019.006	2385833	1779167	1925833	1674167	1990833	
11	15	400	2060500	2019.006	2600000	1879167	1998333	1860833	1964167	
11	15	420	2157167	2019.006	2660833	1906667	2142500	1970000	2105833	
11	15	440	2175167	2019.006	2697500	1895833	2041667	1999167	2241667	
11	15	460	2181667	2019.006	2755833	1852500	2125000	2050000	2125000	
11	15	480	2159167	2019.006	2744167	1869167	2030000	2087500	2065000	
11	15	500	2224167	2019.006	2767500	1871667	2153333	2139167	2189167	
11	15	520	2203500	2019.006	2757500	1937500	2083333	2102500	2136667	
11	15	540	2209667	2019.006	2724167	1930833	2090833	2099167	2203333	
11	15	560	2199500	2019.006	2650833	1938333	2035833	2154167	2218333	
11	15	580	2164333	2019.006	2575000	1881667	2022500	2130833	2211667	
11	15	600	2159000	2019.006	2595000	1920833	2019167	2086667	2173333	
11	15	620	2188833	2019.006	2640000	1956667	2052500	2129167	2165833	
11	15	640	2179667	2019.006	2606667	1940833	2073333	2119167	2158333	
11	15	660	2155000	2019.006	2560833	1891667	2026667	2133333	2162500	
11	15	680	2155000	2019.006	2560833	1891667	2026667	2133333	2162500	
11	15	700	2155000	2019.006	2560833	1891667	2026667	2133333	2162500	
11	15	720	2155000	2019.006	2560833	1891667	2026667	2133333	2162500	
11	15	740	2155000	2019.006	2560833	1891667	2026667	2133333	2162500	
11	15	760	2155000	2019.006	2560833	1891667	2026667	2133333	2162500	
11	15	780	2155000	2019.006	2560833	1891667	2026667	2133333	2162500	
11	15	800	2155000	2019.006	2560833	1891667	2026667	2133333	2162500	
11	15	820	2155000	2019.006	2560833	1891667	2026667	2133333	2162500	
11	15	840	2155000	2019.006	2560833	1891667	2026667	2133333	2162500	
11	15	860	2155000	2019.006	2560833	1891667	2026667	2133333	2162500	
11	15	880	2155000	2019.006	2560833	1891667	2026667	2133333	2162500	
11	15	900	2155000	2019.006	2560833	1891667	2026667	2133333	2162500	
11	15	920	2155000	2019.006	2560833	1891667	2026667	2133333	2162500	
11	15	940	2155000	2019.006	2560833	1891667	2026667	2133333	2162500	
11	15	960	2155000	2019.006	2560833	1891667	2026667	2133333	2162500	
11	15	980	2155000	2019.006	2560833	1891667	2026667	2133333	2162500	
11	15	1000	2155000	2019.006	2560833	1891667	2026667	2133333	2162500	
12	4	20	-29539500	2270.096	-29107500	-29720833	-29720833	-29400833	-29747500	
12	4	40	-29539500	2270.096	-29107500	-29720833	-29720833	-29400833	-29747500	
12	4	60	-29539500	2270.096	-29107500	-29720833	-29720833	-29400833	-29747500	
12	4	80	-29539500	2270.096	-29107500	-29720833	-29720833	-29400833	-29747500	
12	4	100	-29539500	2270.096	-29107500	-29720833	-29720833	-29400833	-29747500	
12	4	120	-29539500	2270.096	-29107500	-29720833	-29720833	-29400833	-29747500	
12	4	140	-29539500	2270.096	-29107500	-29720833	-29720833	-29400833	-29747500	
12	4	160	-29539500	2270.096	-29107500	-29720833	-29720833	-29400833	-29747500	
12	4	180	-29539500	2270.096	-29107500	-29720833	-29720833	-29400833	-29747500	
12	4	200	-29539500	2270.096	-29107500	-29720833	-29720833	-29400833	-29747500	
12	4	220	-29539500	2270.096	-29107500	-29720833	-29720833	-29400833	-29747500	
12	4	240	-29539500	2270.096	-29107500	-29720833	-29720833	-29400833	-29747500	
12	4	260	-29539500	2270.096	-29107500	-29720833	-29720833	-29400833	-29747500	
12	4	280	-14434833	2270.096	-12217500	-15552500	-16735000	-14002500	-13666667	
12	4	300	-1102333	2270.096	-752500	-1128333	-1347500	-966666.7	-1316667	
12	4	320	851833.3	2270.096	1085833	660833.3	903333.3	868333.3	740833.3	
12	4	340	1409000	2270.096	1785000	1166667	1580000	1154167	1359167	
12	4	360	1767667	2270.096	2193333	1551667	1990833	1529167	1573333	
12	4	380	1896333	2270.096	2400833	1531667	2093333	1558333	1897500	
12	4	400	2053000	2270.096	2640000	1756667	2138333	1684167	2045833	
12	4	420	2100000	2270.096	2610833	1854167	2091667	1853333	2090000	
12	4	440	2090167	2270.096	2607500	1899167	1977500	1871667	2095000	
12	4	460	2089833	2270.096	2629167	1866667	2008333	1862500	2082500	
12	4	480	2096833	2270.096	2553333	1906667	2040000	1903333	2080833	
12	4	500	2057333	2270.096	2414167	1895833	1985833	1890000	2100833	
12	4	520	2054667	2270.096	2428333	1928333	1978333	1935000	2003333	
12	4	540	2027667	2270.096	2356667	1913333	1960000	1970833	1937500	
12	4	560	2017333	2270.096	2229167	1946667	1981667	1979167	1950000	
12	4	580	1982833	2270.096	2165833	1962500	1929167	1942500	1914167	
12	4	600	1956833	2270.096	2172500	1933333	1930000	1900833	1847500	
12	4	620	1944833	2270.096	2167500	1968333	1840833	1904167	1843333	
12	4	640	1964500	2270.096	2210833	1950833	1912500	1879167	1869167	
12	4	660	1951500	2270.096	2171667	1963333	1869167	1893333	1860000	
12	4	680	1951500	2270.096	2171667	1963333	1869167	1893333	1860000	
12	4	700	1951500	2270.096	2171667	1963333	1869167	1893333	1860000	
12	4	720	1951500	2270.096	2171667	1963333	1869167	1893333	1860000	
12	4	740	1951500	2270.096	2171667	1963333	1869167	1893333	1860000	
12	4	760	1951500	2270.096	2171667	1963333	1869167	1893333	1860000	
12	4	780	1951500	2270.096	2171667	1963333	1869167	1893333	1860000	
12	4	800	1951500	2270.096	2171667	1963333	1869167	1893333	1860000	
12	4	820	1951500	2270.096	2171667	1963333	1869167	1893333	1860000	
12	4	840	1951500	2270.096	2171667	1963333	1869167	1893333	1860000	
12	4	860	1951500	2270.096	2171667	1963333	1869167	1893333	1860000	
12	4	880	1951500	2270.096	2171667	1963333	1869167	1893333	1860000	
12	4	900	1951500	2270.096	2171667	1963333	1869167	1893333	1860000	
12	4	920	1951500	2270.096	2171667	1963333	1869167	1893333	1860000	
12	4	940	1951500	2270.096	2171667	1963333	1869167	1893333	1860000	
12	4	960	1951500	2270.096	2171667	1963333	1869167	1893333	1860000	
12	4	980	1951500	2270.096	2171667	1963333	1869167	1893333	1860000	
12	4	1000	1951500	2270.096	2171667	1963333	1869167	1893333	1860000	
12	5	20	-29539500	2269.654	-29107500	-29720833	-29720833	-29400833	-29747500	
12	5	40	-29539500	2269.654	-29107500	-29720833	-29720833	-29400833	-29747500	
12	5	60	-29539500	2269.654	-29107500	-29720833	-29720833	-29400833	-29747500	
12	5	80	-29539500	2269.654	-29107500	-29720833	-29720833	-29400833	-29747500	
12	5	100	-29539500	2269.654	-29107500	-29720833	-29720833	-29400833	-29747500	
12	5	120	-29539500	2269.654	-29107500	-29720833	-29720833	-29400833	-29747500	
12	5	140	-29539500	2269.654	-29107500	-29720833	-29720833	-29400833	-29747500	
12	5	160	-29539500	2269.654	-29107500	-29720833	-29720833	-29400833	-29747500	
12	5	180	-29539500	2269.654	-29107500	-29720833	-29720833	-29400833	-29747500	
12	5	200	-29539500	2269.654	-29107500	-29720833	-29720833	-29400833	-29747500	
12	5	220	-29539500	2269.654	-29107500	-29720833	-29720833	-29400833	-29747500	
12	5	240	-29539500	2269.654	-29107500	-29720833	-29720833	-29400833	-29747500	
12	5	260	-29539500	2269.654	-29107500	-29720833	-29720833	-29400833	-29747500	
12	5	280	-14320000	2269.654	-11952500	-15760000	-16458333	-13789167	-13640000	
12	5	300	-1269667	2269.654	-936666.7	-1234167	-1533333	-1155833	-1488333	
12	5	320	727166.7	2269.654	1074167	411666.7	727500	773333.3	649166.7	
12	5	340	1389000	2269.654	1790000	1069167	1496667	1171667	1417500	
12	5	360	1776167	2269.654	2121667	1579167	2025000	1441667	1713333	
12	5	380	2007167	2269.654	2494167	1705833	2233333	1711667	1890833	
12	5	400	2108667	2269.654	2588333	1834167	2182500	1863333	2075000	
12	5	420	2080833	2269.654	2555000	1878333	2120000	1807500	2043333	
12	5	440	2147167	2269.654	2583333	2023333	2147500	1924167	2057500	
12	5	460	2160500	2269.654	2614167	1987500	2083333	1985000	2132500	
12	5	480	2162667	2269.654	2601667	1990833	2078333	1995833	2146667	
12	5	500	2114167	2269.654	2580833	1900833	2072500	1968333	2048333	
12	5	520	2104500	2269.654	2541667	1934167	2040833	1975833	2030000	
12	5	540	2091000	2269.654	2471667	1869167	1998333	2035000	2080833	
12	5	560	2091667	2269.654	2473333	1901667	2015000	2003333	2065000	
12	5	580	2070333	2269.654	2436667	1893333	2025833	1987500	2008333	
12	5	600	2061667	2269.654	2376667	1950833	1987500	2023333	1970000	
12	5	620	2042000	2269.654	2265000	1987500	1936667	2028333	1992500	
12	5	640	2046500	2269.654	2279167	2011667	1923333	2028333	1990000	
12	5	660	2044333	2269.654	2290833	2014167	1902500	2015833	1998333	
12	5	680	2044333	2269.654	2290833	2014167	1902500	2015833	1998333	
12	5	700	2044333	2269.654	2290833	2014167	1902500	2015833	1998333	
12	5	720	2044333	2269.654	2290833	2014167	1902500	2015833	1998333	
12	5	740	2044333	2269.654	2290833	2014167	1902500	2015833	1998333	
12	5	760	2044333	2269.654	2290833	2014167	1902500	2015833	1998333	
12	5	780	2044333	2269.654	2290833	2014167	1902500	2015833	1998333	
12	5	800	2044333	2269.654	2290833	2014167	1902500	2015833	1998333	
12	5	820	2044333	2269.654	2290833	2014167	1902500	2015833	1998333	
12	5	840	2044333	2269.654	2290833	2014167	1902500	2015833	1998333	
12	5	860	2044333	2269.654	2290833	2014167	1902500	2015833	1998333	
12	5	880	2044333	2269.654	2290833	2014167	1902500	2015833	1998333	
12	5	900	2044333	2269.654	2290833	2014167	1902500	2015833	1998333	
12	5	920	2044333	2269.654	2290833	2014167	1902500	2015833	1998333	
12	5	940	2044333	2269.654	2290833	2014167	1902500	2015833	1998333	
12	5	960	2044333	2269.654	2290833	2014167	1902500	2015833	1998333	
12	5	980	2044333	2269.654	2290833	2014167	1902500	2015833	1998333	
12	5	1000	2044333	2269.654	2290833	2014167	1902500	2015833	1998333	
12	15	20	-29539500	2140.703	-29107500	-29720833	-29720833	-29400833	-29747500	
12	15	40	-29539500	2140.703	-29107500	-29720833	-29720833	-29400833	-29747500	
12	15	60	-29539500	2140.703	-29107500	-29720833	-29720833	-29400833	-29747500	
12	15	80	-29539500	2140.703	-29107500	-29720833	-29720833	-29400833	-29747500	
12	15	100	-29539500	2140.703	-29107500	-29720833	-29720833	-29400833	-29747500	
12	15	120	-29539500	2140.703	-29107500	-29720833	-29720833	-29400833	-29747500	
12	15	140	-29539500	2140.703	-29107500	-29720833	-29720833	-29400833	-29747500	
12	15	160	-29539500	2140.703	-29107500	-29720833	-29720833	-29400833	-29747500	
12	15	180	-29539500	2140.703	-29107500	-29720833	-29720833	-29400833	-29747500	
12	15	200	-29539500	2140.703	-29107500	-29720833	-29720833	-29400833	-29747500	
12	15	220	-29539500	2140.703	-29107500	-29720833	-29720833	-29400833	-29747500	
12	15	240	-29539500	2140.703	-29107500	-29720833	-29720833	-29400833	-29747500	
12	15	260	-29539500	2140.703	-29107500	-29720833	-29720833	-29400833	-29747500	
12	15	280	-13958333	2140.703	-12599167	-14814167	-15249167	-13739167	-13390000	
12	15	300	-1869500	2140.703	-1609167	-1969167	-1973333	-1863333	-1932500	
12	15	320	455666.7	2140.703	713333.3	280833.3	243333.3	586666.7	454166.7	
12	15	340	1287167	2140.703	1690833	1035833	1221667	1245000	1242500	
12	15	360	1706000	2140.703	2022500	1522500	1795833	1491667	1697500	
12	15	380	1959333	2140.703	2373333	1774167	1960833	1758333	1930000	
12	15	400	2067167	2140.703	2596667	1894167	1975833	1875000	1994167	
12	15	420	2143333	2140.703	2694167	1895833	2065833	1975833	2085000	
12	15	440	2194167	2140.703	2739167	2023333	2031667	2045000	2131667	
12	15	460	2205667	2140.703	2715000	2052500	2075000	2117500	2068333	
12	15	480	2231500	2140.703	2793333	1970000	2065833	2194167	2134167	
12	15	500	2229667	2140.703	2789167	1863333	2100833	2272500	2122500	
12	15	520	2218000	2140.703	2745000	1893333	2075833	2253333	2122500	
12	15	540	2241500	2140.703	2730833	1897500	2142500	2263333	2173333	
12	15	560	2208000	2140.703	2672500	1908333	2088333	2183333	2187500	
12	15	580	2161333	2140.703	2601667	1890000	2051667	2146667	2116667	
12	15	600	2154500	2140.703	2626667	1906667	2050833	2122500	2065833	
12	15	620	2180000	2140.703	2650833	1960000	2060000	2142500	2086667	
12	15	640	2182333	2140.703	2633333	1975000	2099167	2160000	2044167	
12	15	660	2186500	2140.703	2617500	1955833	2101667	2173333	2084167	
12	15	680	2186500	2140.703	2617500	1955833	2101667	2173333	2084167	
12	15	700	2186500	2140.703	2617500	1955833	2101667	2173333	2084167	
12	15	720	2186500	2140.703	2617500	1955833	2101667	2173333	2084167	
12	15	740	2186500	2140.703	2617500	1955833	2101667	2173333	2084167	
12	15	760	2186500	2140.703	2617500	1955833	2101667	2173333	2084167	
12	15	780	2186500	2140.703	2617500	1955833	2101667	2173333	2084167	
12	15	800	2186500	2140.703	2617500	1955833	2101667	2173333	2084167	
12	15	820	2186500	2140.703	2617500	1955833	2101667	2173333	2084167	
12	15	840	2186500	2140.703	2617500	1955833	2101667	2173333	2084167	
12	15	860	2186500	2140.703	2617500	1955833	2101667	2173333	2084167	
12	15	880	2186500	2140.703	2617500	1955833	2101667	2173333	2084167	
12	15	900	2186500	2140.703	2617500	1955833	2101667	2173333	2084167	
12	15	920	2186500	2140.703	2617500	1955833	2101667	2173333	2084167	
12	15	940	2186500	2140.703	2617500	1955833	2101667	2173333	2084167	
12	15	960	2186500	2140.703	2617500	1955833	2101667	2173333	2084167	
12	15	980	2186500	2140.703	2617500	1955833	2101667	2173333	2084167	
12	15	1000	2186500	2140.703	2617500	1955833	2101667	2173333	2084167	
13	13	20	-29539500	2293.519	-29107500	-29720833	-29720833	-29400833	-29747500	
13	13	40	-29539500	2293.519	-29107500	-29720833	-29720833	-29400833	-29747500	
13	13	60	-29539500	2293.519	-29107500	-29720833	-29720833	-29400833	-29747500	
13	13	80	-29539500	2293.519	-29107500	-29720833	-29720833	-29400833	-29747500	
13	13	100	-29539500	2293.519	-29107500	-29720833	-29720833	-29400833	-29747500	
13	13	120	-29539500	2293.519	-29107500	-29720833	-29720833	-29400833	-29747500	
13	13	140	-29539500	2293.519	-29107500	-29720833	-29720833	-29400833	-29747500	
13	13	160	-29539500	2293.519	-29107500	-29720833	-29720833	-29400833	-29747500	
13	13	180	-29539500	2293.519	-29107500	-29720833	-29720833	-29400833	-29747500	
13	13	200	-29539500	2293.519	-29107500	-29720833	-29720833	-29400833	-29747500	
13	13	220	-29539500	2293.519	-29107500	-29720833	-29720833	-29400833	-29747500	
13	13	240	-29539500	2293.519	-29107500	-29720833	-29720833	-29400833	-29747500	
13	13	260	-29539500	2293.519	-29107500	-29720833	-29720833	-29400833	-29747500	
13	13	280	-13584833	2293.519	-12126667	-14515833	-14893333	-13190833	-13197500	
13	13	300	-1713667	2293.519	-1431667	-1866667	-1859167	-1628333	-1782500	
13	13	320	463666.7	2293.519	680833.3	336666.7	309166.7	576666.7	415000	
13	13	340	1325000	2293.519	1640833	979166.7	1348333	1336667	1320000	
13	13	360	1787500	2293.519	2093333	1624167	1889167	1555000	1775833	
13	13	380	1981167	2293.519	2476667	1758333	1930833	1731667	2008333	
13	13	400	2125667	2293.519	2630000	1964167	2121667	1906667	2005833	
13	13	420	2167000	2293.519	2619167	2032500	2092500	1966667	2124167	
13	13	440	2200333	2293.519	2655000	2039167	2085000	2045000	2177500	
13	13	460	2214500	2293.519	2699167	1999167	2052500	2098333	2223333	
13	13	480	2234500	2293.519	2765000	1993333	2066667	2161667	2185833	
13	13	500	2205500	2293.519	2725000	1960833	2057500	2188333	2095833	
13	13	520	2188833	2293.519	2682500	1910000	2078333	2238333	2035000	
13	13	540	2197333	2293.519	2625833	1931667	2097500	2222500	2109167	
13	13	560	2183667	2293.519	2580000	1990833	2088333	2135833	2123333	
13	13	580	2188667	2293.519	2589167	2020833	2082500	2126667	2124167	
13	13	600	2217000	2293.519	2607500	2034167	2120000	2165000	2158333	
13	13	620	2222333	2293.519	2660000	1976667	2150833	2165000	2159167	
13	13	640	2227333	2293.519	2626667	1975833	2167500	2185833	2180833	
13	13	660	2220000	2293.519	2635000	1931667	2147500	2198333	2187500	
13	13	680	2220000	2293.519	2635000	1931667	2147500	2198333	2187500	
13	13	700	2220000	2293.519	2635000	1931667	2147500	2198333	2187500	
13	13	720	2220000	2293.519	2635000	1931667	2147500	2198333	2187500	
13	13	740	2220000	2293.519	2635000	1931667	2147500	2198333	2187500	
13	13	760	2220000	2293.519	2635000	1931667	2147500	2198333	2187500	
13	13	780	2220000	2293.519	2635000	1931667	2147500	2198333	2187500	
13	13	800	2220000	2293.519	2635000	1931667	2147500	2198333	2187500	
13	13	820	2220000	2293.519	2635000	1931667	2147500	2198333	2187500	
13	13	840	2220000	2293.519	2635000	1931667	2147500	2198333	2187500	
13	13	860	2220000	2293.519	2635000	1931667	2147500	2198333	2187500	
13	13	880	2220000	2293.519	2635000	1931667	2147500	2198333	2187500	
13	13	900	2220000	2293.519	2635000	1931667	2147500	2198333	2187500	
13	13	920	2220000	2293.519	2635000	1931667	2147500	2198333	2187500	
13	13	940	2220000	2293.519	2635000	1931667	2147500	2198333	2187500	
13	13	960	2220000	2293.519	2635000	1931667	2147500	2198333	2187500	
13	13	980	2220000	2293.519	2635000	1931667	2147500	2198333	2187500	
13	13	1000	2220000	2293.519	2635000	1931667	2147500	2198333	2187500	
13	15	20	-29539500	2189.896	-29107500	-29720833	-29720833	-29400833	-29747500	
13	15	40	-29539500	2189.896	-29107500	-29720833	-29720833	-29400833	-29747500	
13	15	60	-29539500	2189.896	-29107500	-29720833	-29720833	-29400833	-29747500	
13	15	80	-29539500	2189.896	-29107500	-29720833	-29720833	-29400833	-29747500	
13	15	100	-29539500	2189.896	-29107500	-29720833	-29720833	-29400833	-29747500	
13	15	120	-29539500	2189.896	-29107500	-29720833	-29720833	-29400833	-29747500	
13	15	140	-29539500	2189.896	-29107500	-29720833	-29720833	-29400833	-29747500	
13	15	160	-29539500	2189.896	-29107500	-29720833	-29720833	-29400833	-29747500	
13	15	180	-29539500	2189.896	-29107500	-29720833	-29720833	-29400833	-29747500	
13	15	200	-29539500	2189.896	-29107500	-29720833	-29720833	-29400833	-29747500	
13	15	220	-29539500	2189.896	-29107500	-29720833	-29720833	-29400833	-29747500	
13	15	240	-29539500	2189.896	-29107500	-29720833	-29720833	-29400833	-29747500	
13	15	260	-29539500	2189.896	-29107500	-29720833	-29720833	-29400833	-29747500	
13	15	280	-13644833	2189.896	-12386667	-14345000	-14856667	-13311667	-13324167	
13	15	300	-1767000	2189.896	-1496667	-1951667	-1894167	-1724167	-1768333	
13	15	320	448166.7	2189.896	735833.3	274166.7	241666.7	552500	436666.7	
13	15	340	1332500	2189.896	1743333	985000	1282500	1325833	1325833	
13	15	360	1724000	2189.896	2029167	1556667	1769167	1531667	1733333	
13	15	380	1932667	2189.896	2327500	1722500	1961667	1742500	1909167	
13	15	400	2102500	2189.896	2554167	1925000	2037500	1956667	2039167	
13	15	420	2192500	2189.896	2599167	2037500	2162500	2014167	2149167	
13	15	440	2236667	2189.896	2715833	2125000	2102500	2074167	2165833	
13	15	460	2232167	2189.896	2704167	2068333	2105000	2153333	2130000	
13	15	480	2259333	2189.896	2790833	2032500	2141667	2216667	2115000	
13	15	500	2252333	2189.896	2740833	1987500	2146667	2249167	2137500	
13	15	520	2214500	2189.896	2675000	1939167	2142500	2204167	2111667	
13	15	540	2235667	2189.896	2702500	1960833	2138333	2264167	2112500	
13	15	560	2201167	2189.896	2622500	1945000	2166667	2200000	2071667	
13	15	580	2200500	2189.896	2598333	1974167	2140000	2196667	2093333	
13	15	600	2201000	2189.896	2636667	1959167	2144167	2170000	2095000	
13	15	620	2210833	2189.896	2646667	1958333	2167500	2191667	2090000	
13	15	640	2230000	2189.896	2672500	1980833	2163333	2212500	2120833	
13	15	660	2232000	2189.896	2651667	1985000	2200000	2193333	2130000	
13	15	680	2232000	2189.896	2651667	1985000	2200000	2193333	2130000	
13	15	700	2232000	2189.896	2651667	1985000	2200000	2193333	2130000	
13	15	720	2232000	2189.896	2651667	1985000	2200000	2193333	2130000	
13	15	740	2232000	2189.896	2651667	1985000	2200000	2193333	2130000	
13	15	760	2232000	2189.896	2651667	1985000	2200000	2193333	2130000	
13	15	780	2232000	2189.896	2651667	1985000	2200000	2193333	2130000	
13	15	800	2232000	2189.896	2651667	1985000	2200000	2193333	2130000	
13	15	820	2232000	2189.896	2651667	1985000	2200000	2193333	2130000	
13	15	840	2232000	2189.896	2651667	1985000	2200000	2193333	2130000	
13	15	860	2232000	2189.896	2651667	1985000	2200000	2193333	2130000	
13	15	880	2232000	2189.896	2651667	1985000	2200000	2193333	2130000	
13	15	900	2232000	2189.896	2651667	1985000	2200000	2193333	2130000	
13	15	920	2232000	2189.896	2651667	1985000	2200000	2193333	2130000	
13	15	940	2232000	2189.896	2651667	1985000	2200000	2193333	2130000	
13	15	960	2232000	2189.896	2651667	1985000	2200000	2193333	2130000	
13	15	980	2232000	2189.896	2651667	1985000	2200000	2193333	2130000	
13	15	1000	2232000	2189.896	2651667	1985000	2200000	2193333	2130000	
13	17	20	-29539500	2127.092	-29107500	-29720833	-29720833	-29400833	-29747500	
13	17	40	-29539500	2127.092	-29107500	-29720833	-29720833	-29400833	-29747500	
13	17	60	-29539500	2127.092	-29107500	-29720833	-29720833	-29400833	-29747500	
13	17	80	-29539500	2127.092	-29107500	-29720833	-29720833	-29400833	-29747500	
13	17	100	-29539500	2127.092	-29107500	-29720833	-29720833	-29400833	-29747500	
13	17	120	-29539500	2127.092	-29107500	-29720833	-29720833	-29400833	-29747500	
13	17	140	-29539500	2127.092	-29107500	-29720833	-29720833	-29400833	-29747500	
13	17	160	-29539500	2127.092	-29107500	-29720833	-29720833	-29400833	-29747500	
13	17	180	-29539500	2127.092	-29107500	-29720833	-29720833	-29400833	-29747500	
13	17	200	-29539500	2127.092	-29107500	-29720833	-29720833	-29400833	-29747500	
13	17	220	-29539500	2127.092	-29107500	-29720833	-29720833	-29400833	-29747500	
13	17	240	-29539500	2127.092	-29107500	-29720833	-29720833	-29400833	-29747500	
13	17	260	-29539500	2127.092	-29107500	-29720833	-29720833	-29400833	-29747500	
13	17	280	-13752500	2127.092	-12555000	-14192500	-15063333	-13335833	-13615833	
13	17	300	-1860333	2127.092	-1496667	-2115000	-1954167	-1778333	-1957500	
13	17	320	436333.3	2127.092	760000	250000	216666.7	536666.7	418333.3	
13	17	340	1287333	2127.092	1593333	1021667	1206667	1322500	1292500	
13	17	360	1705333	2127.092	2056667	1544167	1654167	1509167	1762500	
13	17	380	1947167	2127.092	2325000	1739167	1894167	1785833	1991667	
13	17	400	2094500	2127.092	2584167	1916667	2031667	1950000	1990000	
13	17	420	2168667	2127.092	2615833	2097500	2091667	2029167	2009167	
13	17	440	2210333	2127.092	2675000	2155833	2072500	2057500	2090833	
13	17	460	2219833	2127.092	2677500	2081667	2092500	2097500	2150000	
13	17	480	2244833	2127.092	2690833	2146667	2098333	2118333	2170000	
13	17	500	2238167	2127.092	2693333	2020833	2095833	2232500	2148333	
13	17	520	2234833	2127.092	2685000	2032500	2099167	2222500	2135000	
13	17	540	2234500	2127.092	2708333	1984167	2089167	2294167	2096667	
13	17	560	2222000	2127.092	2675000	1924167	2108333	2273333	2129167	
13	17	580	2202500	2127.092	2626667	1935000	2087500	2210000	2153333	
13	17	600	2215000	2127.092	2677500	1940000	2088333	2221667	2147500	
13	17	620	2172667	2127.092	2671667	1895833	2065833	2190833	2039167	
13	17	640	2172000	2127.092	2629167	1916667	2080833	2156667	2076667	
13	17	660	2189000	2127.092	2634167	1892500	2135833	2170833	2111667	
13	17	680	2189000	2127.092	2634167	1892500	2135833	2170833	2111667	
13	17	700	2189000	2127.092	2634167	1892500	2135833	2170833	2111667	
13	17	720	2189000	2127.092	2634167	1892500	2135833	2170833	2111667	
13	17	740	2189000	2127.092	2634167	1892500	2135833	2170833	2111667	
13	17	760	2189000	2127.092	2634167	1892500	2135833	2170833	2111667	
13	17	780	2189000	2127.092	2634167	1892500	2135833	2170833	2111667	
13	17	800	2189000	2127.092	2634167	1892500	2135833	2170833	2111667	
13	17	820	2189000	2127.092	2634167	1892500	2135833	2170833	2111667	
13	17	840	2189000	2127.092	2634167	1892500	2135833	2170833	2111667	
13	17	860	2189000	2127.092	2634167	1892500	2135833	2170833	2111667	
13	17	880	2189000	2127.092	2634167	1892500	2135833	2170833	2111667	
13	17	900	2189000	2127.092	2634167	1892500	2135833	2170833	2111667	
13	17	920	2189000	2127.092	2634167	1892500	2135833	2170833	2111667	
13	17	940	2189000	2127.092	2634167	1892500	2135833	2170833	2111667	
13	17	960	2189000	2127.092	2634167	1892500	2135833	2170833	2111667	
13	17	980	2189000	2127.092	2634167	1892500	2135833	2170833	2111667	
13	17	1000	2189000	2127.092	2634167	1892500	2135833	2170833	2111667	
14	13	20	-29539500	2299.424	-29107500	-29720833	-29720833	-29400833	-29747500	
14	13	40	-29539500	2299.424	-29107500	-29720833	-29720833	-29400833	-29747500	
14	13	60	-29539500	2299.424	-29107500	-29720833	-29720833	-29400833	-29747500	
14	13	80	-29539500	2299.424	-29107500	-29720833	-29720833	-29400833	-29747500	
14	13	100	-29539500	2299.424	-29107500	-29720833	-29720833	-29400833	-29747500	
14	13	120	-29539500	2299.424	-29107500	-29720833	-29720833	-29400833	-29747500	
14	13	140	-29539500	2299.424	-29107500	-29720833	-29720833	-29400833	-29747500	
14	13	160	-29539500	2299.424	-29107500	-29720833	-29720833	-29400833	-29747500	
14	13	180	-29539500	2299.424	-29107500	-29720833	-29720833	-29400833	-29747500	
14	13	200	-29539500	2299.424	-29107500	-29720833	-29720833	-29400833	-29747500	
14	13	220	-29539500	2299.424	-29107500	-29720833	-29720833	-29400833	-29747500	
14	13	240	-29539500	2299.424	-29107500	-29720833	-29720833	-29400833	-29747500	
14	13	260	-29539500	2299.424	-29107500	-29720833	-29720833	-29400833	-29747500	
14	13	280	-13321333	2299.424	-11958333	-14064167	-14590000	-12904167	-13090000	
14	13	300	-1704667	2299.424	-1365833	-1915000	-1820833	-1670000	-1751667	
14	13	320	527333.3	2299.424	688333.3	368333.3	442500	641666.7	495833.3	
14	13	340	1326833	2299.424	1605833	1006667	1343333	1300000	1378333	
14	13	360	1832667	2299.424	2173333	1584167	1930833	1646667	1828333	
14	13	380	1992667	2299.424	2393333	1786667	1993333	1807500	1982500	
14	13	400	2144333	2299.424	2667500	2005000	2150833	1873333	2025000	
14	13	420	2200333	2299.424	2663333	2077500	2139167	1940833	2180833	
14	13	440	2214833	2299.424	2665833	2150833	2081667	1995000	2180833	
14	13	460	2232500	2299.424	2713333	2073333	2042500	2117500	2215833	
14	13	480	2250833	2299.424	2712500	2064167	2074167	2185000	2218333	
14	13	500	2242167	2299.424	2740833	2015833	2075000	2242500	2136667	
14	13	520	2261667	2299.424	2725833	2042500	2046667	2312500	2180833	
14	13	540	2256167	2299.424	2615000	2110000	2133333	2275000	2147500	
14	13	560	2267667	2299.424	2585833	2159167	2181667	2223333	2188333	
14	13	580	2267333	2299.424	2622500	2113333	2205000	2174167	2221667	
14	13	600	2285167	2299.424	2681667	2095000	2238333	2207500	2203333	
14	13	620	2282000	2299.424	2706667	2042500	2204167	2225000	2231667	
14	13	640	2274167	2299.424	2669167	1992500	2230833	2250000	2228333	
14	13	660	2271500	2299.424	2650000	1970833	2265833	2260000	2210833	
14	13	680	2271500	2299.424	2650000	1970833	2265833	2260000	2210833	
14	13	700	2271500	2299.424	2650000	1970833	2265833	2260000	2210833	
14	13	720	2271500	2299.424	2650000	1970833	2265833	2260000	2210833	
14	13	740	2271500	2299.424	2650000	1970833	2265833	2260000	2210833	
14	13	760	2271500	2299.424	2650000	1970833	2265833	2260000	2210833	
14	13	780	2271500	2299.424	2650000	1970833	2265833	2260000	2210833	
14	13	800	2271500	2299.424	2650000	1970833	2265833	2260000	2210833	
14	13	820	2271500	2299.424	2650000	1970833	2265833	2260000	2210833	
14	13	840	2271500	2299.424	2650000	1970833	2265833	2260000	2210833	
14	13	860	2271500	2299.424	2650000	1970833	2265833	2260000	2210833	
14	13	880	2271500	2299.424	2650000	1970833	2265833	2260000	2210833	
14	13	900	2271500	2299.424	2650000	1970833	2265833	2260000	2210833	
14	13	920	2271500	2299.424	2650000	1970833	2265833	2260000	2210833	
14	13	940	2271500	2299.424	2650000	1970833	2265833	2260000	2210833	
14	13	960	2271500	2299.424	2650000	1970833	2265833	2260000	2210833	
14	13	980	2271500	2299.424	2650000	1970833	2265833	2260000	2210833	
14	13	1000	2271500	2299.424	2650000	1970833	2265833	2260000	2210833	
14	15	20	-29539500	2275.871	-29107500	-29720833	-29720833	-29400833	-29747500	
14	15	40	-29539500	2275.871	-29107500	-29720833	-29720833	-29400833	-29747500	
14	15	60	-29539500	2275.871	-29107500	-29720833	-29720833	-29400833	-29747500	
14	15	80	-29539500	2275.871	-29107500	-29720833	-29720833	-29400833	-29747500	
14	15	100	-29539500	2275.871	-29107500	-29720833	-29720833	-29400833	-29747500	
14	15	120	-29539500	2275.871	-29107500	-29720833	-29720833	-29400833	-29747500	
14	15	140	-29539500	2275.871	-29107500	-29720833	-29720833	-29400833	-29747500	
14	15	160	-29539500	2275.871	-29107500	-29720833	-29720833	-29400833	-29747500	
14	15	180	-29539500	2275.871	-29107500	-29720833	-29720833	-29400833	-29747500	
14	15	200	-29539500	2275.871	-29107500	-29720833	-29720833	-29400833	-29747500	
14	15	220	-29539500	2275.871	-29107500	-29720833	-29720833	-29400833	-29747500	
14	15	240	-29539500	2275.871	-29107500	-29720833	-29720833	-29400833	-29747500	
14	15	260	-29539500	2275.871	-29107500	-29720833	-29720833	-29400833	-29747500	
14	15	280	-13480833	2275.871	-12276667	-14040833	-14695833	-13138333	-13252500	
14	15	300	-1784000	2275.871	-1405833	-1950000	-1920000	-1808333	-1835833	
14	15	320	488166.7	2275.871	723333.3	367500	360833.3	545833.3	443333.3	
14	15	340	1315000	2275.871	1617500	988333.3	1291667	1305000	1372500	
14	15	360	1750333	2275.871	2034167	1570833	1745833	1616667	1784167	
14	15	380	2012000	2275.871	2345000	1910000	1942500	1927500	1935000	
14	15	400	2148833	2275.871	2570833	2044167	2077500	1985000	2066667	
14	15	420	2205500	2275.871	2594167	2114167	2147500	2003333	2168333	
14	15	440	2249833	2275.871	2687500	2165833	2079167	2120000	2196667	
14	15	460	2249500	2275.871	2730000	2033333	2134167	2154167	2195833	
14	15	480	2257000	2275.871	2760833	2035833	2135000	2196667	2156667	
14	15	500	2259667	2275.871	2720000	2008333	2117500	2251667	2200833	
14	15	520	2234833	2275.871	2698333	1946667	2100833	2306667	2121667	
14	15	540	2225000	2275.871	2688333	1947500	2039167	2308333	2141667	
14	15	560	2216333	2275.871	2630833	1971667	2084167	2240833	2154167	
14	15	580	2218167	2275.871	2618333	1982500	2098333	2227500	2164167	
14	15	600	2221333	2275.871	2620000	1990833	2122500	2204167	2169167	
14	15	620	2222500	2275.871	2664167	1984167	2153333	2176667	2134167	
14	15	640	2228167	2275.871	2630833	1930833	2197500	2205833	2175833	
14	15	660	2244500	2275.871	2641667	1940833	2260000	2217500	2162500	
14	15	680	2244500	2275.871	2641667	1940833	2260000	2217500	2162500	
14	15	700	2244500	2275.871	2641667	1940833	2260000	2217500	2162500	
14	15	720	2244500	2275.871	2641667	1940833	2260000	2217500	2162500	
14	15	740	2244500	2275.871	2641667	1940833	2260000	2217500	2162500	
14	15	760	2244500	2275.871	2641667	1940833	2260000	2217500	2162500	
14	15	780	2244500	2275.871	2641667	1940833	2260000	2217500	2162500	
14	15	800	2244500	2275.871	2641667	1940833	2260000	2217500	2162500	
14	15	820	2244500	2275.871	2641667	1940833	2260000	2217500	2162500	
14	15	840	2244500	2275.871	2641667	1940833	2260000	2217500	2162500	
14	15	860	2244500	2275.871	2641667	1940833	2260000	2217500	2162500	
14	15	880	2244500	2275.871	2641667	1940833	2260000	2217500	2162500	
14	15	900	2244500	2275.871	2641667	1940833	2260000	2217500	2162500	
14	15	920	2244500	2275.871	2641667	1940833	2260000	2217500	2162500	
14	15	940	2244500	2275.871	2641667	1940833	2260000	2217500	2162500	
14	15	960	2244500	2275.871	2641667	1940833	2260000	2217500	2162500	
14	15	980	2244500	2275.871	2641667	1940833	2260000	2217500	2162500	
14	15	1000	2244500	2275.871	2641667	1940833	2260000	2217500	2162500	
14	17	20	-29539500	2247.815	-29107500	-29720833	-29720833	-29400833	-29747500	
14	17	40	-29539500	2247.815	-29107500	-29720833	-29720833	-29400833	-29747500	
14	17	60	-29539500	2247.815	-29107500	-29720833	-29720833	-29400833	-29747500	
14	17	80	-29539500	2247.815	-29107500	-29720833	-29720833	-29400833	-29747500	
14	17	100	-29539500	2247.815	-29107500	-29720833	-29720833	-29400833	-29747500	
14	17	120	-29539500	2247.815	-29107500	-29720833	-29720833	-29400833	-29747500	
14	17	140	-29539500	2247.815	-29107500	-29720833	-29720833	-29400833	-29747500	
14	17	160	-29539500	2247.815	-29107500	-29720833	-29720833	-29400833	-29747500	
14	17	180	-29539500	2247.815	-29107500	-29720833	-29720833	-29400833	-29747500	
14	17	200	-29539500	2247.815	-29107500	-29720833	-29720833	-29400833	-29747500	
14	17	220	-29539500	2247.815	-29107500	-29720833	-29720833	-29400833	-29747500	
14	17	240	-29539500	2247.815	-29107500	-29720833	-29720833	-29400833	-29747500	
14	17	260	-29539500	2247.815	-29107500	-29720833	-29720833	-29400833	-29747500	
14	17	280	-13635000	2247.815	-12551667	-14014167	-14834167	-13242500	-13532500	
14	17	300	-1827500	2247.815	-1427500	-2136667	-1913333	-1791667	-1868333	
14	17	320	433000	2247.815	673333.3	285833.3	271666.7	545000	389166.7	
14	17	340	1315500	2247.815	1632500	1039167	1275000	1316667	1314167	
14	17	360	1762833	2247.815	2105000	1621667	1737500	1569167	1780833	
14	17	380	1970500	2247.815	2359167	1837500	1949167	1851667	1855000	
14	17	400	2133333	2247.815	2553333	2047500	2089167	1993333	1983333	
14	17	420	2226667	2247.815	2617500	2191667	2165833	2059167	2099167	
14	17	440	2241000	2247.815	2752500	2156667	2122500	2064167	2109167	
14	17	460	2276333	2247.815	2707500	2147500	2161667	2185000	2180000	
14	17	480	2290833	2247.815	2687500	2111667	2188333	2296667	2170000	
14	17	500	2282500	2247.815	2675000	2126667	2173333	2276667	2160833	
14	17	520	2275333	2247.815	2735833	2010833	2111667	2318333	2200000	
14	17	540	2272333	2247.815	2736667	2032500	2144167	2279167	2169167	
14	17	560	2268333	2247.815	2730000	2017500	2163333	2198333	2232500	
14	17	580	2226333	2247.815	2600833	1978333	2139167	2182500	2230833	
14	17	600	2234500	2247.815	2635000	1921667	2170833	2213333	2231667	
14	17	620	2225833	2247.815	2595833	1930833	2194167	2186667	2221667	
14	17	640	2236833	2247.815	2610833	1961667	2189167	2210000	2212500	
14	17	660	2217000	2247.815	2617500	1887500	2195000	2192500	2192500	
14	17	680	2217000	2247.815	2617500	1887500	2195000	2192500	2192500	
14	17	700	2217000	2247.815	2617500	1887500	2195000	2192500	2192500	
14	17	720	2217000	2247.815	2617500	1887500	2195000	2192500	2192500	
14	17	740	2217000	2247.815	2617500	1887500	2195000	2192500	2192500	
14	17	760	2217000	2247.815	2617500	1887500	2195000	2192500	2192500	
14	17	780	2217000	2247.815	2617500	1887500	2195000	2192500	2192500	
14	17	800	2217000	2247.815	2617500	1887500	2195000	2192500	2192500	
14	17	820	2217000	2247.815	2617500	1887500	2195000	2192500	2192500	
14	17	840	2217000	2247.815	2617500	1887500	2195000	2192500	2192500	
14	17	860	2217000	2247.815	2617500	1887500	2195000	2192500	2192500	
14	17	880	2217000	2247.815	2617500	1887500	2195000	2192500	2192500	
14	17	900	2217000	2247.815	2617500	1887500	2195000	2192500	2192500	
14	17	920	2217000	2247.815	2617500	1887500	2195000	2192500	2192500	
14	17	940	2217000	2247.815	2617500	1887500	2195000	2192500	2192500	
14	17	960	2217000	2247.815	2617500	1887500	2195000	2192500	2192500	
14	17	980	2217000	2247.815	2617500	1887500	2195000	2192500	2192500	
14	17	1000	2217000	2247.815	2617500	1887500	2195000	2192500	2192500	
14	19	20	-29539500	2220.609	-29107500	-29720833	-29720833	-29400833	-29747500	
14	19	40	-29539500	2220.609	-29107500	-29720833	-29720833	-29400833	-29747500	
14	19	60	-29539500	2220.609	-29107500	-29720833	-29720833	-29400833	-29747500	
14	19	80	-29539500	2220.609	-29107500	-29720833	-29720833	-29400833	-29747500	
14	19	100	-29539500	2220.609	-29107500	-29720833	-29720833	-29400833	-29747500	
14	19	120	-29539500	2220.609	-29107500	-29720833	-29720833	-29400833	-29747500	
14	19	140	-29539500	2220.609	-29107500	-29720833	-29720833	-29400833	-29747500	
14	19	160	-29539500	2220.609	-29107500	-29720833	-29720833	-29400833	-29747500	
14	19	180	-29539500	2220.609	-29107500	-29720833	-29720833	-29400833	-29747500	
14	19	200	-29539500	2220.609	-29107500	-29720833	-29720833	-29400833	-29747500	
14	19	220	-29539500	2220.609	-29107500	-29720833	-29720833	-29400833	-29747500	
14	19	240	-29539500	2220.609	-29107500	-29720833	-29720833	-29400833	-29747500	
14	19	260	-29539500	2220.609	-29107500	-29720833	-29720833	-29400833	-29747500	
14	19	280	-13787000	2220.609	-12724167	-14090000	-14978333	-13393333	-13749167	
14	19	300	-1897833	2220.609	-1505833	-2097500	-1945833	-1970000	-1970000	
14	19	320	386000	2220.609	696666.7	189166.7	187500	491666.7	365000	
14	19	340	1320833	2220.609	1623333	1060000	1238333	1283333	1399167	
14	19	360	1750167	2220.609	2100833	1547500	1777500	1585833	1739167	
14	19	380	1975333	2220.609	2385000	1902500	1976667	1732500	1880000	
14	19	400	2113167	2220.609	2500000	1987500	2058333	1990833	2029167	
14	19	420	2204333	2220.609	2700000	2093333	2150833	1992500	2085000	
14	19	440	2201167	2220.609	2756667	2080000	2120833	1967500	2080833	
14	19	460	2242000	2220.609	2646667	2140000	2169167	2131667	2122500	
14	19	480	2295667	2220.609	2757500	2211667	2176667	2120000	2212500	
14	19	500	2282500	2220.609	2714167	2150833	2208333	2154167	2185000	
14	19	520	2262167	2220.609	2702500	2044167	2120833	2225000	2218333	
14	19	540	2269667	2220.609	2709167	2053333	2125000	2229167	2231667	
14	19	560	2228667	2220.609	2695000	2017500	2032500	2256667	2141667	
14	19	580	2218667	2220.609	2621667	2048333	2035833	2190833	2196667	
14	19	600	2211333	2220.609	2592500	2051667	2020833	2195000	2196667	
14	19	620	2208833	2220.609	2580000	1940833	2097500	2232500	2193333	
14	19	640	2205500	2220.609	2537500	1910833	2137500	2256667	2185000	
14	19	660	2199500	2220.609	2555833	1920000	2117500	2236667	2167500	
14	19	680	2199500	2220.609	2555833	1920000	2117500	2236667	2167500	
14	19	700	2199500	2220.609	2555833	1920000	2117500	2236667	2167500	
14	19	720	2199500	2220.609	2555833	1920000	2117500	2236667	2167500	
14	19	740	2199500	2220.609	2555833	1920000	2117500	2236667	2167500	
14	19	760	2199500	2220.609	2555833	1920000	2117500	2236667	2167500	
14	19	780	2199500	2220.609	2555833	1920000	2117500	2236667	2167500	
14	19	800	2199500	2220.609	2555833	1920000	2117500	2236667	2167500	
14	19	820	2199500	2220.609	2555833	1920000	2117500	2236667	2167500	
14	19	840	2199500	2220.609	2555833	1920000	2117500	2236667	2167500	
14	19	860	2199500	2220.609	2555833	1920000	2117500	2236667	2167500	
14	19	880	2199500	2220.609	2555833	1920000	2117500	2236667	2167500	
14	19	900	2199500	2220.609	2555833	1920000	2117500	2236667	2167500	
14	19	920	2199500	2220.609	2555833	1920000	2117500	2236667	2167500	
14	19	940	2199500	2220.609	2555833	1920000	2117500	2236667	2167500	
14	19	960	2199500	2220.609	2555833	1920000	2117500	2236667	2167500	
14	19	980	2199500	2220.609	2555833	1920000	2117500	2236667	2167500	
14	19	1000	2199500	2220.609	2555833	1920000	2117500	2236667	2167500	
15	15	20	-29539500	2389.42	-29107500	-29720833	-29720833	-29400833	-29747500	
15	15	40	-29539500	2389.42	-29107500	-29720833	-29720833	-29400833	-29747500	
15	15	60	-29539500	2389.42	-29107500	-29720833	-29720833	-29400833	-29747500	
15	15	80	-29539500	2389.42	-29107500	-29720833	-29720833	-29400833	-29747500	
15	15	100	-29539500	2389.42	-29107500	-29720833	-29720833	-29400833	-29747500	
15	15	120	-29539500	2389.42	-29107500	-29720833	-29720833	-29400833	-29747500	
15	15	140	-29539500	2389.42	-29107500	-29720833	-29720833	-29400833	-29747500	
15	15	160	-29539500	2389.42	-29107500	-29720833	-29720833	-29400833	-29747500	
15	15	180	-29539500	2389.42	-29107500	-29720833	-29720833	-29400833	-29747500	
15	15	200	-29539500	2389.42	-29107500	-29720833	-29720833	-29400833	-29747500	
15	15	220	-29539500	2389.42	-29107500	-29720833	-29720833	-29400833	-29747500	
15	15	240	-29539500	2389.42	-29107500	-29720833	-29720833	-29400833	-29747500	
15	15	260	-29539500	2389.42	-29107500	-29720833	-29720833	-29400833	-29747500	
15	15	280	-13377500	2389.42	-12241667	-13812500	-14555000	-13091667	-13186667	
15	15	300	-1770333	2389.42	-1368333	-1970833	-1935833	-1744167	-1832500	
15	15	320	478333.3	2389.42	735000	310833.3	368333.3	510000	467500	
15	15	340	1348667	2389.42	1752500	1050000	1359167	1257500	1324167	
15	15	360	1738167	2389.42	2059167	1531667	1767500	1622500	1710000	
15	15	380	2010333	2389.42	2385833	1879167	1955000	1920833	1910833	
15	15	400	2177500	2389.42	2582500	2114167	2105833	1989167	2095833	
15	15	420	2245500	2389.42	2651667	2113333	2138333	2129167	2195000	
15	15	440	2278333	2389.42	2720000	2165833	2120000	2170833	2215000	
15	15	460	2260333	2389.42	2706667	2031667	2138333	2236667	2188333	
15	15	480	2294500	2389.42	2765833	2120000	2145000	2282500	2159167	
15	15	500	2292500	2389.42	2720833	2078333	2165833	2315000	2182500	
15	15	520	2270833	2389.42	2695833	2028333	2154167	2311667	2164167	
15	15	540	2239667	2389.42	2664167	1974167	2118333	2276667	2165000	
15	15	560	2215167	2389.42	2596667	2017500	2134167	2224167	2103333	
15	15	580	2224167	2389.42	2580833	2012500	2127500	2239167	2160833	
15	15	600	2224333	2389.42	2609167	1986667	2155000	2228333	2142500	
15	15	620	2222000	2389.42	2584167	1965000	2203333	2197500	2160000	
15	15	640	2228833	2389.42	2593333	1930000	2255000	2189167	2176667	
15	15	660	2245500	2389.42	2606667	1936667	2265000	2229167	2190000	
15	15	680	2245500	2389.42	2606667	1936667	2265000	2229167	2190000	
15	15	700	2245500	2389.42	2606667	1936667	2265000	2229167	2190000	
15	15	720	2245500	2389.42	2606667	1936667	2265000	2229167	2190000	
15	15	740	2245500	2389.42	2606667	1936667	2265000	2229167	2190000	
15	15	760	2245500	2389.42	2606667	1936667	2265000	2229167	2190000	
15	15	780	2245500	2389.42	2606667	1936667	2265000	2229167	2190000	
15	15	800	2245500	2389.42	2606667	1936667	2265000	2229167	2190000	
15	15	820	2245500	2389.42	2606667	1936667	2265000	2229167	2190000	
15	15	840	2245500	2389.42	2606667	1936667	2265000	2229167	2190000	
15	15	860	2245500	2389.42	2606667	1936667	2265000	2229167	2190000	
15	15	880	2245500	2389.42	2606667	1936667	2265000	2229167	2190000	
15	15	900	2245500	2389.42	2606667	1936667	2265000	2229167	2190000	
15	15	920	2245500	2389.42	2606667	1936667	2265000	2229167	2190000	
15	15	940	2245500	2389.42	2606667	1936667	2265000	2229167	2190000	
15	15	960	2245500	2389.42	2606667	1936667	2265000	2229167	2190000	
15	15	980	2245500	2389.42	2606667	1936667	2265000	2229167	2190000	
15	15	1000	2245500	2389.42	2606667	1936667	2265000	2229167	2190000	
15	17	20	-29539500	2516.316	-29107500	-29720833	-29720833	-29400833	-29747500	
15	17	40	-29539500	2516.316	-29107500	-29720833	-29720833	-29400833	-29747500	
15	17	60	-29539500	2516.316	-29107500	-29720833	-29720833	-29400833	-29747500	
15	17	80	-29539500	2516.316	-29107500	-29720833	-29720833	-29400833	-29747500	
15	17	100	-29539500	2516.316	-29107500	-29720833	-29720833	-29400833	-29747500	
15	17	120	-29539500	2516.316	-29107500	-29720833	-29720833	-29400833	-29747500	
15	17	140	-29539500	2516.316	-29107500	-29720833	-29720833	-29400833	-29747500	
15	17	160	-29539500	2516.316	-29107500	-29720833	-29720833	-29400833	-29747500	
15	17	180	-29539500	2516.316	-29107500	-29720833	-29720833	-29400833	-29747500	
15	17	200	-29539500	2516.316	-29107500	-29720833	-29720833	-29400833	-29747500	
15	17	220	-29539500	2516.316	-29107500	-29720833	-29720833	-29400833	-29747500	
15	17	240	-29539500	2516.316	-29107500	-29720833	-29720833	-29400833	-29747500	
15	17	260	-29539500	2516.316	-29107500	-29720833	-29720833	-29400833	-29747500	
15	17	280	-13568333	2516.316	-12503333	-13930833	-14724167	-13184167	-13499167	
15	17	300	-1827667	2516.316	-1427500	-2055000	-1879167	-1876667	-1900000	
15	17	320	477000	2516.316	773333.3	321666.7	298333.3	542500	449166.7	
15	17	340	1347500	2516.316	1648333	1070833	1280000	1316667	1421667	
15	17	360	1757167	2516.316	2011667	1616667	1751667	1661667	1744167	
15	17	380	1995000	2516.316	2363333	1855833	1945833	1873333	1936667	
15	17	400	2155167	2516.316	2535000	2140833	2090000	1976667	2033333	
15	17	420	2226500	2516.316	2597500	2124167	2255833	2047500	2107500	
15	17	440	2259833	2516.316	2718333	2125000	2176667	2125833	2153333	
15	17	460	2253833	2516.316	2680000	2037500	2138333	2225833	2187500	
15	17	480	2291167	2516.316	2705000	2111667	2162500	2309167	2167500	
15	17	500	2278833	2516.316	2643333	2140833	2172500	2217500	2220000	
15	17	520	2281333	2516.316	2618333	2138333	2130833	2276667	2242500	
15	17	540	2272167	2516.316	2645000	2086667	2115000	2229167	2285000	
15	17	560	2285833	2516.316	2697500	2110000	2134167	2179167	2308333	
15	17	580	2256500	2516.316	2639167	2019167	2149167	2187500	2287500	
15	17	600	2232667	2516.316	2671667	1991667	2072500	2199167	2228333	
15	17	620	2252500	2516.316	2667500	1989167	2181667	2195833	2228333	
15	17	640	2223500	2516.316	2612500	1939167	2190833	2185833	2189167	
15	17	660	2229000	2516.316	2624167	1927500	2206667	2191667	2195000	
15	17	680	2229000	2516.316	2624167	1927500	2206667	2191667	2195000	
15	17	700	2229000	2516.316	2624167	1927500	2206667	2191667	2195000	
15	17	720	2229000	2516.316	2624167	1927500	2206667	2191667	2195000	
15	17	740	2229000	2516.316	2624167	1927500	2206667	2191667	2195000	
15	17	760	2229000	2516.316	2624167	1927500	2206667	2191667	2195000	
15	17	780	2229000	2516.316	2624167	1927500	2206667	2191667	2195000	
15	17	800	2229000	2516.316	2624167	1927500	2206667	2191667	2195000	
15	17	820	2229000	2516.316	2624167	1927500	2206667	2191667	2195000	
15	17	840	2229000	2516.316	2624167	1927500	2206667	2191667	2195000	
15	17	860	2229000	2516.316	2624167	1927500	2206667	2191667	2195000	
15	17	880	2229000	2516.316	2624167	1927500	2206667	2191667	2195000	
15	17	900	2229000	2516.316	2624167	1927500	2206667	2191667	2195000	
15	17	920	2229000	2516.316	2624167	1927500	2206667	2191667	2195000	
15	17	940	2229000	2516.316	2624167	1927500	2206667	2191667	2195000	
15	17	960	2229000	2516.316	2624167	1927500	2206667	2191667	2195000	
15	17	980	2229000	2516.316	2624167	1927500	2206667	2191667	2195000	
15	17	1000	2229000	2516.316	2624167	1927500	2206667	2191667	2195000	
